sno,name,p_e,mar_cap_rscr,div_yld,np_qtr_rscr,qtr_profit_var,sales_qtr_rscr,qtr_sales_var,roce,opm,sales_var_3yrs,profit_var_3yrs,3yrs_return,roe_3yr,ebidt_var_3yrs,eps_var_3yrs,sector,annual_revenue_est,annual_profit_est,profit_margin_est,data_limited,risk_score,synergy_score,feasibility_score,attractiveness_score,rank,risk_label,synergy_label,feasibility_label
269,Logiciel Soluti.,7.66,41.91,0.0,5.640000000000001,15.11,60.94,12.32,44.99,39.17,15.105,22.395,14.585,11.58,19.62,16.15,IT - Software,243.76,22.56,9.42,True,3,93.18,96.0,95.41,1,Low Risk,🟢 High Synergy,Highly Feasible
238,Globtier Infotec,6.9,41.51,0.0,3.13,6.35,42.39,2.69,31.11,14.03,11.06,66.57,14.585,32.12,45.02,15.5,IT - Services,169.56,12.52,7.38,False,0,88.81,96.0,95.08,2,Low Risk,🟢 High Synergy,Highly Feasible
221,Handson Global,15.27,74.35,0.0,0.5,-37.5,18.95,239.61,20.13,12.15,30.72,25.5,6.48,15.78,17.08,25.5,IT - Services,75.8,2.0,2.64,False,7,96.5,91.0,93.72,3,Low Risk,🟢 High Synergy,Highly Feasible
252,Edvenswa Enter,6.92,92.35,0.0,1.81,-21.98,29.97,18.79,16.63,11.06,46.65,61.01,-14.31,14.67,73.2,54.48,IT - Software,119.88,7.24,6.04,False,3,90.41,89.0,92.69,4,Low Risk,🟢 High Synergy,Highly Feasible
255,Identixweb,17.16,74.12,0.0,2.19,31.98,5.78,22.72,34.33,64.07,15.105,22.395,14.585,11.58,19.62,16.15,IT - Software,23.12,8.76,37.89,True,7,93.18,91.0,92.56,5,Low Risk,🟢 High Synergy,Highly Feasible
215,ROX Hi-Tech,2.93,86.44,0.0,9.6,15.11,104.81,12.32,10.685,14.29,15.105,22.395,14.585,11.58,19.62,16.15,IT - Services,419.24,38.4,9.16,True,3,80.27,96.0,90.89,6,Low Risk,🟢 High Synergy,Highly Feasible
224,Takyon Networks,10.74,68.53,0.0,3.26,15.11,42.09,12.32,24.21,11.81,18.96,21.92,14.585,17.76,22.89,-15.46,IT - Services,168.36,13.04,7.75,False,6,87.03,91.0,90.81,7,Low Risk,🟢 High Synergy,Highly Feasible
219,Icodex Publish.,7.9,79.98,0.0,5.5,27.02,13.89,28.14,82.77,60.15,38.81,90.8,14.585,64.57,96.37,-91.72,IT - Services,55.56,22.0,39.6,False,12,90.0,96.0,90.7,8,Low Risk,🟢 High Synergy,Highly Feasible
154,WSFX Global,25.2,78.62,2.4,3.67,16.88,34.96,34.98,18.0,10.55,43.89,41.22,24.18,9.74,74.13,40.37,Fintech,139.84,14.68,10.5,False,3,86.97,81.0,89.49,9,Low Risk,🟢 High Synergy,Highly Feasible
240,Infonative Solu.,9.31,35.55,0.0,1.52,-58.24,12.07,7.48,51.41,23.37,5.58,38.54,14.585,27.53,36.48,16.15,IT - Services,48.28,6.08,12.59,False,12,83.66,100.0,89.48,10,Low Risk,🟢 High Synergy,Highly Feasible
353,Euphoria Infotec,6.89,10.2,0.0,0.66,-31.25,6.31,-9.34,16.2,18.93,41.66,107.62,14.585,14.2,73.7,-65.86,IT - Services,25.24,2.64,10.46,False,12,83.33,100.0,89.37,11,Low Risk,🟢 High Synergy,Highly Feasible
345,Trust Fintech,13.64,111.03,1.07,4.3,-18.25,20.29,21.57,15.67,28.28,21.36,88.67,14.585,18.89,82.75,13.49,IT - Software,81.16,17.2,21.19,False,3,89.47,73.0,88.36,12,Low Risk,🟢 High Synergy,Highly Feasible
275,AccelerateBS Ind,18.01,26.47,1.3,0.87,569.23,3.37,4.01,22.18,31.45,15.105,22.395,14.585,11.58,19.62,16.15,IT - Software,13.48,3.48,25.82,True,20,93.18,95.0,88.36,13,Low Risk,🟢 High Synergy,Highly Feasible
222,Praruh Tech,13.1,72.42,0.0,0.98,-56.25,17.6,-37.88,35.32,17.5,45.1,66.92,14.585,58.55,76.62,-64.27,IT - Services,70.4,3.92,5.57,False,17,90.0,91.0,87.45,14,Low Risk,🟢 High Synergy,Highly Feasible
340,Delaplex,9.11,118.62,0.0,7.2,15.34,37.18,3.45,10.685,20.25,15.105,22.395,14.585,11.58,19.62,16.15,IT - Software,148.72,28.8,19.37,True,3,80.27,78.0,86.39,15,Low Risk,🟢 High Synergy,Highly Feasible
247,Benchmark Comp.,9.03,19.77,0.0,1.52,47.57,28.63,50.84,8.11,7.05,32.57,27.26,14.585,10.25,36.49,16.15,IT - Services,114.52,6.08,5.31,False,9,71.02,100.0,86.26,16,Low Risk,🟡 Moderate Synergy,Highly Feasible
210,Enser,16.07,139.46,0.0,4.72,15.11,43.79,12.32,10.685,16.73,15.105,22.395,14.585,11.58,19.62,16.15,IT - Services,175.16,18.88,10.78,True,3,80.27,73.0,85.14,17,Low Risk,🟢 High Synergy,Highly Feasible
209,Prodocs Solution,28.15,143.82,0.0,5.640000000000001,15.11,60.94,12.32,41.88,17.21,61.51,205.06,14.585,51.82,207.99,-11.07,IT - Services,243.76,22.56,9.42,True,6,90.0,63.0,84.85,18,Low Risk,🟢 High Synergy,Feasible with Structuring
314,Virtual Galaxy,9.92,347.29,0.72,22.02,15.11,86.13,20.28,44.99,46.71,41.26,142.59,14.585,40.3,75.48,104.73,IT - Software,344.52,88.08,25.57,False,3,100.0,43.0,84.55,19,Low Risk,🟢 High Synergy,Stretch Target
337,Naapbooks,19.13,125.12,0.0,3.29,165.32,9.73,157.41,23.65,53.72,63.24,169.06,76.08,14.93,99.26,116.73,IT - Software,38.92,13.16,33.81,False,16,100.0,63.0,84.35,20,Low Risk,🟢 High Synergy,Feasible with Structuring
216,Titan Intech,19.54,86.17,0.0,1.13,28.41,6.87,32.12,6.62,30.06,72.11,59.41,3.43,9.91,66.49,-19.45,IT - Services,27.48,4.52,16.45,False,10,72.49,91.0,84.12,21,Low Risk,🟡 Moderate Synergy,Highly Feasible
309,All E Tech,13.69,415.6,0.73,7.38,10.48,33.35,-7.13,29.6,21.92,25.96,46.83,19.42,19.33,44.91,33.94,IT - Software,133.4,29.52,22.13,False,3,100.0,38.0,83.3,22,Low Risk,🟢 High Synergy,Stretch Target
262,TeleCanor Global,15.23,58.48,0.0,2.53,536.21,5.74,2307.69,16.44,45.07,15.105,44.22,69.98,11.58,54.35,44.22,IT - Software,22.96,10.12,44.08,False,20,88.7,81.0,83.3,23,Low Risk,🟢 High Synergy,Highly Feasible
89,Magellanic Cloud,13.15,1410.74,0.13,27.62,14.43,164.44,4.54,22.91,33.25,33.41,51.62,0.31,27.9,77.82,44.25,IT - Software,657.76,110.48,16.8,False,3,100.0,38.0,83.3,24,Low Risk,🟢 High Synergy,Stretch Target
95,Innovana Think.,16.13,786.04,0.0,12.66,16.42,32.72,43.19,25.6,51.4,21.58,29.0,14.46,24.55,30.73,29.0,IT - Software,130.88,50.64,38.69,False,3,100.0,38.0,83.3,25,Low Risk,🟢 High Synergy,Stretch Target
98,Ksolves India,21.59,669.84,5.49,8.41,-8.49,39.67,13.93,157.26,30.08,42.93,29.26,8.96,143.48,30.96,29.24,IT - Software,158.68,33.64,21.2,False,4,100.0,38.0,82.9,26,Low Risk,🟢 High Synergy,Stretch Target
180,Rama Telecom,13.89,83.75,0.0,2.42,26.04,22.36,21.65,44.56,18.01,8.7,76.15,14.585,33.32,64.42,-54.85,Telecom - Services ,89.44,9.68,10.82,False,12,70.7,91.0,82.7,27,Low Risk,🟡 Moderate Synergy,Highly Feasible
211,Elnet Technolog,7.19,137.26,0.55,5.02,12.81,6.25,3.65,15.36,63.75,1.41,11.74,20.36,12.32,6.25,11.74,IT - Services,25.0,20.08,80.32,False,3,69.66,78.0,82.68,28,Low Risk,🟡 Moderate Synergy,Highly Feasible
333,ACE Alpha Tech,12.37,156.27,0.0,7.52,23.68,8.98,12.25,54.34,86.37,264.76,353.61,14.585,58.89,348.92,-59.46,IT - Software,35.92,30.08,83.74,False,8,90.0,57.0,82.55,29,Low Risk,🟢 High Synergy,Feasible with Structuring
265,Austere Sys.,10.02,47.08,0.0,2.17,520.0,10.34,44.82,42.31,29.7,14.82,74.09,14.585,42.17,57.79,-80.96,IT - Software,41.36,8.68,20.99,False,25,84.82,91.0,82.44,30,Moderate Risk,🟢 High Synergy,Highly Feasible
145,SRM Energy Ltd,27.81,13.63,0.0,-0.09,0.0,0.0,12.32,10.685,15.68,15.105,13.0,38.02,11.58,13.17,13.0,Power,0.0,-0.36,-inf,True,0,63.69,80.0,82.29,31,Low Risk,🟡 Moderate Synergy,Highly Feasible
342,Secmark Consult.,29.63,114.97,0.0,0.86,437.5,9.33,6.14,22.26,23.44,34.16,16.91,16.28,-5.85,29.16,16.87,IT - Software,37.32,3.44,9.22,False,20,98.44,63.0,82.2,32,Low Risk,🟢 High Synergy,Feasible with Structuring
201,Telogica,34.51,33.47,0.0,0.17,-54.05,5.16,10.73,22.73,7.36,43.83,37.59,27.87,11.58,41.2,34.41,Telecom - Equipments and Accessories ,20.64,0.68,3.29,False,14,75.38,85.0,82.03,33,Low Risk,🟢 High Synergy,Highly Feasible
257,S A Tech Soft.,30.02,67.84,0.0,-0.64,-114.19,49.59,-2.75,29.91,5.65,34.32,49.69,14.585,31.19,75.91,26.92,IT - Software,198.36,-2.56,-1.29,False,21,86.04,81.0,81.96,34,Moderate Risk,🟢 High Synergy,Highly Feasible
344,CG-VAK Software,9.79,111.56,0.45,3.46,44.17,18.28,-5.87,18.73,20.51,12.63,1.26,-14.69,17.55,2.65,1.26,IT - Software,73.12,13.84,18.93,False,9,79.45,71.0,81.96,35,Low Risk,🟢 High Synergy,Highly Feasible
276,Response Info.,16.66,25.31,0.0,0.25,-28.26,6.82,-24.97,17.05,4.82,15.105,22.395,-5.88,11.58,19.62,16.15,IT - Software,27.28,1.0,3.67,True,12,71.88,86.0,81.86,36,Low Risk,🟡 Moderate Synergy,Highly Feasible
322,DRC Systems,14.6,242.49,0.0,4.17,31.5,22.83,41.45,30.01,31.47,49.67,178.19,10.95,28.36,101.52,165.33,IT - Software,91.32,16.68,18.27,False,7,100.0,38.0,81.7,37,Low Risk,🟢 High Synergy,Stretch Target
81,Nucleus Soft.,14.74,2375.98,1.37,26.29,-20.48,213.51,5.59,22.6,19.07,18.73,72.17,33.58,20.2,55.71,73.14,IT - Software,854.04,105.16,12.31,False,3,98.73,33.0,81.61,38,Low Risk,🟢 High Synergy,Stretch Target
80,Saksoft,19.74,2474.61,0.43,35.97,37.5,258.49,20.07,24.04,17.54,22.49,18.97,20.23,20.64,21.12,18.81,IT - Software,1033.96,143.88,13.92,False,7,99.41,38.0,81.49,39,Low Risk,🟢 High Synergy,Stretch Target
306,Axis Solution,19.31,450.3,0.52,5.15,-42.65,48.47,15.71,30.37,12.36,92.8,584.12,14.585,18.47,819.49,336.52,IT - Software,193.88,20.6,10.63,False,7,99.14,38.0,81.4,40,Low Risk,🟢 High Synergy,Stretch Target
214,Riddhi Corporate,5.89,87.54,0.66,3.11,103.27,133.55,100.92,13.65,6.59,32.92,29.4,-42.92,17.07,21.18,27.59,IT - Services,534.2,12.44,2.33,False,21,78.31,89.0,81.26,41,Moderate Risk,🟢 High Synergy,Highly Feasible
243,Rolta India,27.81,26.87,0.0,-8.68,-36.26,0.0,12.32,-4.53,15.68,15.105,25.38,-25.06,11.58,27.45,25.38,IT - Services,0.0,-34.72,-inf,True,7,70.1,78.0,81.23,42,Low Risk,🟡 Moderate Synergy,Highly Feasible
281,Covidh Technolog,109.13,16.37,0.0,0.01,200.0,0.0,12.32,19.05,15.68,15.105,48.47,128.13,11.58,48.47,252.39,IT - Software,0.0,0.04,inf,True,16,91.65,62.0,81.18,43,Low Risk,🟢 High Synergy,Feasible with Structuring
294,PFL Infotech,27.81,5.98,0.0,-0.03,-50.0,0.0,12.32,-125.0,15.68,15.105,16.17,47.1,-62.78,16.17,16.17,IT - Software,0.0,-0.12,-inf,True,7,68.19,80.0,81.07,44,Low Risk,🟡 Moderate Synergy,Highly Feasible
234,Saven Tech.,14.01,47.09,3.47,0.77,13.24,4.71,38.53,17.99,19.73,9.84,-3.01,1.21,15.73,-1.32,-3.01,IT - Services,18.84,3.08,16.35,False,20,75.19,91.0,81.07,45,Low Risk,🟢 High Synergy,Highly Feasible
208,Matrix Geo Sol.,21.3,145.9,0.0,4.01,33.22,14.06,58.33,44.27,37.8,31.03,66.83,14.585,30.42,63.25,-83.7,IT - Services,56.24,16.04,28.52,False,12,90.0,57.0,80.95,46,Low Risk,🟢 High Synergy,Feasible with Structuring
286,Space Incubatric,1.12,10.73,0.0,9.56,31966.67,20.1,12.32,-1.57,45.57,15.105,22.395,22.17,-0.22,19.62,16.15,IT - Software,80.4,38.24,47.56,True,20,68.18,100.0,80.86,47,Low Risk,🟡 Moderate Synergy,Highly Feasible
321,Methodhub Software,21.64,248.87,0.0,10.35,15.11,79.94,12.32,31.09,12.72,15.105,22.395,14.585,11.58,19.62,16.15,IT - Software,319.76,41.4,12.95,True,3,93.02,38.0,80.86,48,Low Risk,🟢 High Synergy,Stretch Target
330,Shradha AI Tech,15.18,175.48,2.08,2.77,6.95,4.43,25.14,17.45,66.51,16.31,30.8,14.585,10.93,29.57,16.15,IT - Software,17.72,11.08,62.53,False,0,89.12,38.0,80.69,49,Low Risk,🟢 High Synergy,Stretch Target
307,Cybertech Sys.,12.24,434.26,2.86,8.66,-3.13,58.79,1.45,19.45,10.78,19.32,16.09,2.63,13.87,11.45,12.29,IT - Software,235.16,34.64,14.73,False,0,88.52,38.0,80.48,50,Low Risk,🟢 High Synergy,Stretch Target
332,Canarys Automa.,14.78,161.58,0.0,9.09,62.71,101.2,169.29,14.36,11.93,20.03,22.05,14.585,17.86,21.13,16.15,IT - Software,404.8,36.36,8.98,False,12,87.62,57.0,80.12,51,Low Risk,🟢 High Synergy,Feasible with Structuring
308,Systango Tech,13.38,432.44,0.0,18.3,88.66,45.49,58.06,28.74,40.12,27.11,46.84,14.585,25.47,45.46,79.96,IT - Software,181.96,73.2,40.23,False,12,100.0,38.0,79.7,52,Low Risk,🟢 High Synergy,Stretch Target
331,Fidel Softech,17.65,171.88,1.6,2.78,17.3,23.15,67.51,10.685,21.31,15.105,22.395,25.82,11.58,19.62,16.15,IT - Software,92.6,11.12,12.01,True,3,80.27,50.0,79.39,53,Low Risk,🟢 High Synergy,Feasible with Structuring
177,Kore Digital,4.18,202.6,0.0,10.95,15.11,100.89,12.32,45.01,14.75,15.105,22.395,14.585,11.58,19.62,16.15,Telecom - Services ,403.56,43.8,10.85,True,3,85.18,43.0,79.36,54,Low Risk,🟢 High Synergy,Stretch Target
278,Niks Technology,72.03,21.61,0.0,0.13,-53.57,5.31,5.57,12.16,7.47,132.17,22.395,32.69,12.67,65.86,26.89,IT - Software,21.24,0.52,2.45,False,14,78.35,70.0,79.32,55,Low Risk,🟢 High Synergy,Highly Feasible
63,KPIT Technologi.,41.91,32380.47,0.72,169.09,-17.01,1587.71,7.9,40.03,19.92,33.92,43.2,18.01,30.38,40.96,43.2,IT - Software,6350.84,676.36,10.65,False,3,100.0,22.0,79.3,56,Low Risk,🟢 High Synergy,Not Feasible
305,Workmates Core2,28.08,451.77,0.0,9.09,30.23,74.69,55.99,92.32,16.5,103.57,123.36,14.585,84.93,121.66,123.36,IT - Software,298.76,36.36,12.17,False,7,100.0,28.0,79.2,57,Low Risk,🟢 High Synergy,Not Feasible
241,USG Tech,27.81,34.81,0.0,-0.08,46.67,0.0,12.32,-1.17,15.68,15.105,2.78,15.84,-1.13,5.54,2.78,IT - Services,0.0,-0.32,-inf,True,9,61.49,85.0,79.17,58,Low Risk,🟡 Moderate Synergy,Highly Feasible
27,Dynacons Sys.,16.65,1309.47,0.05,22.58,23.66,352.21,14.98,39.17,9.62,24.66,63.66,41.32,38.82,50.98,57.2,IT - Services,1408.84,90.32,6.41,False,5,93.79,33.0,79.08,59,Low Risk,🟢 High Synergy,Stretch Target
248,I Power Solution,27.81,13.16,0.0,-0.14,-100.0,0.0,12.32,-11.63,15.68,15.105,22.395,49.63,-8.26,19.62,16.15,IT - Services,0.0,-0.56,-inf,True,12,68.18,80.0,79.06,60,Low Risk,🟡 Moderate Synergy,Highly Feasible
71,Rategain Travel,37.01,7745.91,0.0,51.01,-2.3,295.06,6.42,17.3,20.35,43.21,211.91,27.11,12.7,90.07,202.15,IT - Software,1180.24,204.04,17.29,False,0,94.57,22.0,78.6,61,Low Risk,🟢 High Synergy,Not Feasible
84,Accelya Solution,15.55,1962.19,6.86,29.61,-8.78,136.2,7.14,53.61,36.12,12.8,18.76,-3.87,43.97,12.83,18.76,IT - Software,544.8,118.44,21.74,False,4,92.18,31.0,78.41,62,Low Risk,🟢 High Synergy,Stretch Target
67,Newgen Software,34.73,11418.95,0.62,81.74,16.22,400.79,10.97,27.97,25.64,24.05,23.62,63.86,21.77,24.47,23.15,IT - Software,1603.16,326.96,20.39,False,3,100.0,18.0,78.3,63,Low Risk,🟢 High Synergy,Not Feasible
233,Synoptics Techno,12.14,48.33,0.0,3.4,-1.73,29.64,25.59,8.75,21.74,-5.23,-1.98,14.585,12.3,1.3,-8.05,IT - Services,118.56,13.6,11.47,False,10,54.9,91.0,77.97,64,Low Risk,🟠 Low Synergy,Highly Feasible
1,L&T Technology,36.14,46182.44,1.26,329.2,2.85,2979.5,15.8,28.29,16.75,17.55,10.58,6.17,25.33,10.95,10.46,IT - Services,11918.0,1316.8,11.05,False,0,92.78,22.0,77.97,65,Low Risk,🟢 High Synergy,Not Feasible
163,Railtel Corpn.,34.06,11016.48,0.83,76.07,5.4,951.36,12.79,21.84,15.14,31.72,22.54,40.85,14.7,15.61,22.54,Telecom - Services ,3805.44,304.28,8.0,False,0,91.71,23.0,77.85,66,Low Risk,🟢 High Synergy,Not Feasible
319,CapitalNumbers,9.95,267.84,0.91,14.8,8.11,52.67,4.94,26.47,25.76,13.03,12.89,14.585,28.41,11.62,-81.45,IT - Software,210.68,59.2,28.1,False,5,83.03,43.0,77.81,67,Low Risk,🟢 High Synergy,Stretch Target
205,Optivalue Tek,14.72,191.97,0.0,7.23,13.5,30.49,34.73,54.9,29.19,24.39,32.3,14.585,40.5,26.57,-88.97,IT - Services,121.96,28.92,23.71,False,8,90.0,38.0,77.8,68,Low Risk,🟢 High Synergy,Stretch Target
34,Unified Data,23.17,680.55,0.0,17.27,-21.39,149.03,40.79,47.86,12.65,33.15,45.99,14.585,38.78,44.36,-90.82,IT - Services,596.12,69.08,11.59,False,8,89.71,38.0,77.7,69,Low Risk,🟢 High Synergy,Stretch Target
10,Cigniti Tech.,15.99,4560.64,0.0,82.6,56.14,567.3,13.64,34.09,16.74,17.5,34.05,43.47,27.21,33.41,35.11,IT - Services,2269.2,330.4,14.56,False,12,97.5,33.0,77.58,70,Low Risk,🟢 High Synergy,Stretch Target
3,Tata Technolog.,38.19,26478.92,1.28,165.5,5.14,1323.33,2.07,25.8,16.93,13.56,15.71,14.585,21.67,15.22,16.15,IT - Services,5293.32,662.0,12.51,False,0,91.64,22.0,77.57,71,Low Risk,🟢 High Synergy,Not Feasible
44,Exato Technologies,32.36,315.81,0.0,7.26,15.11,71.06,12.32,26.46,11.44,15.105,22.395,14.585,11.58,19.62,16.15,IT - Services,284.24,29.04,10.22,True,3,90.52,28.0,77.48,72,Low Risk,🟢 High Synergy,Not Feasible
36,Sahana Systems,10.67,673.57,0.13,27.67,95.55,114.16,116.87,42.14,32.47,15.105,22.395,14.585,11.58,19.62,16.15,IT - Services,456.64,110.68,24.24,True,12,93.18,38.0,77.31,73,Low Risk,🟢 High Synergy,Stretch Target
74,Mastek,17.2,6340.78,1.12,97.45,-19.18,940.37,8.41,17.28,15.49,16.52,8.89,6.67,17.01,5.37,7.8,IT - Software,3761.48,389.8,10.36,False,5,84.97,38.0,77.24,74,Low Risk,🟢 High Synergy,Stretch Target
96,NINtec Systems,24.77,733.18,0.0,7.87,20.89,41.69,23.05,67.11,23.37,15.105,22.395,41.53,11.58,19.62,16.15,IT - Software,166.76,31.48,18.88,True,3,93.18,23.0,77.16,75,Low Risk,🟢 High Synergy,Not Feasible
251,Ace Engitech,27.81,11.55,0.0,-0.13,-62.5,0.0,12.32,-147.69,15.68,15.105,22.395,107.73,-43.48,19.62,16.15,IT - Services,0.0,-0.52,-inf,True,12,68.18,72.0,77.06,76,Low Risk,🟡 Moderate Synergy,Highly Feasible
367,Authum Invest,12.88,51753.78,0.01,764.59,-9.38,595.19,-45.45,30.85,93.57,71.39,85.2,144.66,33.48,68.95,85.2,Finance ,2380.76,3058.36,128.46,False,0,88.0,25.0,77.05,77,Low Risk,🟢 High Synergy,Not Feasible
338,Olatech Solution,36.18,122.3,0.0,2.43,-26.14,16.74,46.46,10.685,27.04,15.105,22.395,69.15,11.58,19.62,16.15,IT - Software,66.96,9.72,14.52,True,7,80.27,47.0,77.04,78,Low Risk,🟢 High Synergy,Stretch Target
279,Infronics Sys.,182.03,18.2,0.0,-0.22,-215.79,0.0,-100.0,49.7,26.92,-30.36,181.89,-18.48,11.58,223.96,181.89,IT - Software,0.0,-0.88,-inf,False,20,80.0,68.0,77.0,79,Low Risk,🟢 High Synergy,Feasible with Structuring
270,Accedere,288.95,40.45,0.0,0.07,-20.0,0.99,-6.6,3.08,5.33,62.54,128.94,13.98,0.81,42.6,128.94,IT - Software,3.96,0.28,7.07,False,8,63.89,71.0,76.91,80,Low Risk,🟡 Moderate Synergy,Highly Feasible
202,Meta Infotech,15.34,206.57,0.0,10.45,-18.8,210.15,14.21,51.14,11.48,42.11,72.23,14.585,41.29,62.27,-39.44,IT - Services,840.6,41.8,4.97,False,8,87.42,38.0,76.9,81,Low Risk,🟢 High Synergy,Stretch Target
52,Infosys,23.27,654524.8,2.66,7375.0,13.19,44490.0,8.55,37.5,23.88,10.25,6.45,3.17,30.72,8.18,6.91,IT - Software,177960.0,29500.0,16.58,False,5,83.7,38.0,76.8,82,Low Risk,🟢 High Synergy,Stretch Target
101,Adani Power,22.7,273110.87,0.0,2906.46,-11.38,13456.84,0.88,22.54,37.26,26.58,37.69,36.39,40.43,20.13,37.69,Power,53827.36,11625.84,21.6,False,3,85.0,33.0,76.8,83,Low Risk,🟢 High Synergy,Stretch Target
75,Aurionpro Sol.,28.7,5835.45,0.38,55.86,20.59,357.67,28.53,18.07,20.33,32.43,38.07,79.48,17.84,30.97,29.54,IT - Software,1430.68,223.44,15.62,False,3,95.44,18.0,76.7,84,Low Risk,🟢 High Synergy,Not Feasible
70,C.E. Info System,60.17,8763.25,0.22,18.52,-38.97,113.77,9.74,24.13,35.9,32.21,25.74,15.1,19.18,27.54,24.83,IT - Software,455.08,74.08,16.28,False,7,100.0,18.0,76.7,85,Low Risk,🟢 High Synergy,Not Feasible
11,eMudhra,47.87,4548.95,0.23,26.44,15.28,172.88,22.42,15.32,23.21,41.68,26.92,21.81,14.81,24.81,20.11,IT - Services,691.52,105.76,15.29,False,3,92.33,22.0,76.62,86,Low Risk,🟢 High Synergy,Not Feasible
181,Nettlinx,8.14,43.54,0.0,-5.28,-225.86,5.33,-26.58,19.53,10.07,-0.88,54.99,-29.95,13.23,46.93,52.21,Telecom - Services ,21.32,-21.12,-99.06,False,20,63.76,89.0,76.57,87,Low Risk,🟡 Moderate Synergy,Highly Feasible
64,Zensar Tech.,23.04,16135.69,1.83,182.2,17.02,1421.3,8.66,21.28,15.48,7.56,15.08,50.84,16.1,6.34,14.93,IT - Software,5685.2,728.8,12.82,False,3,84.1,33.0,76.48,88,Low Risk,🟢 High Synergy,Stretch Target
51,TCS,23.08,1160465.23,1.87,12131.0,8.54,65799.0,2.4,64.63,26.72,10.01,8.19,-0.8,50.3,7.73,8.6,IT - Software,263196.0,48524.0,18.44,False,2,84.31,31.0,76.46,89,Low Risk,🟢 High Synergy,Stretch Target
150,Seshaasai Tech.,20.58,4427.36,0.0,57.88,-10.91,351.35,-10.98,36.54,24.62,29.55,81.28,14.585,43.93,51.87,-78.25,Fintech,1405.4,231.52,16.47,False,8,86.0,38.0,76.4,90,Low Risk,🟢 High Synergy,Stretch Target
387,Five-Star Bus.Fi,13.53,14952.51,0.39,286.14,6.79,799.44,13.87,16.34,71.73,31.44,33.23,-5.08,17.27,32.41,32.76,Finance ,3197.76,1144.56,35.79,False,0,81.48,31.0,76.27,91,Low Risk,🟢 High Synergy,Stretch Target
4,Affle 3i,59.98,25148.69,0.0,110.51,20.13,646.72,19.13,16.82,22.3,27.96,21.31,20.32,15.33,26.6,19.19,IT - Services,2586.88,442.04,17.09,False,3,93.62,18.0,76.07,92,Low Risk,🟢 High Synergy,Not Feasible
217,WEP Solutions,31.71,81.5,2.26,0.3,-73.91,17.5,9.44,9.57,21.74,-16.38,16.53,-1.42,7.85,6.54,15.9,IT - Services,70.0,1.2,1.71,False,12,63.78,74.0,76.02,93,Low Risk,🟡 Moderate Synergy,Highly Feasible
324,Atishay,28.69,228.08,0.48,1.83,26.21,17.95,37.97,20.35,17.97,37.33,299.62,85.76,10.78,76.14,299.62,IT - Software,71.8,7.32,10.19,False,7,98.02,18.0,76.01,94,Low Risk,🟢 High Synergy,Not Feasible
61,Hexaware Tech.,31.94,44594.93,1.58,369.9,22.34,3483.6,11.09,29.52,15.44,18.6,16.05,14.585,22.79,16.5,-8.24,IT - Software,13934.4,1479.6,10.62,False,5,88.6,28.0,76.01,95,Low Risk,🟢 High Synergy,Not Feasible
223,Aeonx Digital,23.69,71.08,0.65,0.35,-72.66,10.64,3.7,9.78,1.69,26.54,47.04,27.55,5.19,69.0,47.04,IT - Services,42.56,1.4,3.29,False,22,64.36,89.0,75.98,96,Moderate Risk,🟡 Moderate Synergy,Highly Feasible
37,Sigma Solve,26.88,615.01,0.08,6.66,61.8,25.59,50.09,58.79,31.7,22.84,28.99,38.01,43.65,18.58,28.99,IT - Services,102.36,26.64,26.03,False,12,100.0,23.0,75.95,97,Low Risk,🟢 High Synergy,Not Feasible
2,Inventurus Knowl,46.64,28437.69,0.0,180.72,59.93,781.09,21.52,27.2,31.55,51.66,24.85,14.585,36.97,36.38,24.75,IT - Services,3124.36,722.88,23.14,False,12,100.0,22.0,75.7,98,Low Risk,🟢 High Synergy,Not Feasible
86,Ceinsys Tech,18.47,1792.68,0.35,25.74,120.94,163.45,81.53,26.61,19.83,27.25,89.81,86.32,17.88,54.66,82.22,IT - Software,653.8,102.96,15.75,False,16,100.0,28.0,75.6,99,Low Risk,🟢 High Synergy,Not Feasible
20,Digitide Solutio,20.85,1821.66,0.0,18.87,19.84,476.48,5.7,10.685,11.58,15.105,22.395,14.585,11.58,19.62,16.15,IT - Services,1905.92,75.48,3.96,True,3,77.88,38.0,75.56,100,Low Risk,🟢 High Synergy,Stretch Target
166,Route Mobile,14.35,4210.27,1.64,-18.83,-12.82,1119.42,0.54,17.74,10.63,31.72,25.92,-17.46,16.95,33.8,25.95,Telecom - Services ,4477.68,-75.32,-1.68,False,3,82.83,31.0,75.54,101,Low Risk,🟢 High Synergy,Stretch Target
336,Hypersoft Tech.,65.05,132.7,0.0,0.95,3266.67,10.76,107500.0,20.65,10.32,103.87,175.89,92.76,-2.29,69.85,175.89,IT - Software,43.04,3.8,8.83,False,20,93.52,43.0,75.48,102,Low Risk,🟢 High Synergy,Stretch Target
335,Silverline Tech,7.52,134.88,0.0,7.26,24100.0,100.07,14195.71,-0.39,10.42,100.06,22.395,14.585,-0.11,19.62,16.15,IT - Software,400.28,29.04,7.25,True,20,68.43,78.0,75.45,103,Low Risk,🟡 Moderate Synergy,Highly Feasible
57,Persistent Systems,60.84,101300.48,0.55,471.47,45.07,3580.72,23.59,30.44,18.28,27.87,27.0,47.95,24.38,26.16,26.52,IT - Software,14322.88,1885.88,13.17,False,7,100.0,13.0,75.45,104,Low Risk,🟢 High Synergy,Not Feasible
69,Latent View,47.95,9138.94,0.0,45.73,11.28,257.54,23.25,15.22,22.21,27.63,14.63,6.09,12.44,21.26,13.49,IT - Software,1030.16,182.92,17.76,False,3,88.96,22.0,75.44,105,Low Risk,🟢 High Synergy,Not Feasible
49,Infinity Infoway,44.01,220.92,0.0,2.8,29.63,8.15,23.67,61.71,47.12,15.105,22.395,14.585,11.58,19.62,16.15,IT - Services,32.6,11.2,34.36,True,7,93.18,22.0,75.31,106,Low Risk,🟢 High Synergy,Not Feasible
53,HCL Technologies,26.53,450438.01,3.25,4236.0,0.0,31942.0,10.67,31.61,21.17,10.97,8.75,16.02,23.8,8.96,8.75,IT - Software,127768.0,16944.0,13.26,False,4,85.34,28.0,75.27,107,Low Risk,🟢 High Synergy,Not Feasible
7,Cyient,22.84,12878.95,2.24,142.9,-34.47,1781.0,-3.68,16.58,13.9,17.52,5.47,11.28,15.79,9.79,5.24,IT - Services,7124.0,571.6,8.02,False,9,83.9,38.0,75.27,108,Low Risk,🟢 High Synergy,Stretch Target
93,Blue Cloud Soft.,16.67,870.82,0.0,15.42,35.86,252.92,7.5,37.07,9.83,15.105,22.395,47.66,11.58,19.62,16.15,IT - Software,1011.68,61.68,6.1,True,9,87.38,33.0,75.23,109,Low Risk,🟢 High Synergy,Stretch Target
226,Vedavaag Systems,9.07,63.59,1.85,1.22,-55.47,21.62,-13.66,8.69,13.63,3.72,0.44,-19.53,6.05,-2.79,0.01,IT - Services,86.48,4.88,5.64,False,19,58.56,89.0,75.15,110,Low Risk,🟡 Moderate Synergy,Highly Feasible
383,Aadhar Hsg. Fin.,20.87,20616.96,0.0,266.47,17.12,897.13,17.38,11.42,76.35,21.6,27.03,14.585,17.25,20.92,23.32,Finance ,3588.52,1065.88,29.7,False,3,75.92,38.0,74.87,111,Low Risk,🟢 High Synergy,Stretch Target
264,Aris Interna.,651.25,52.1,0.0,-0.01,75.0,0.04,100.0,5.16,18.18,1.72,34.71,14.585,-14.52,34.71,28.8,IT - Software,0.16,-0.04,-25.0,False,12,62.56,71.0,74.85,112,Low Risk,🟡 Moderate Synergy,Highly Feasible
389,Aptus Value Hou.,16.34,13777.63,1.63,226.55,24.5,544.04,29.11,15.05,84.25,29.04,26.61,-3.32,17.4,29.99,26.37,Finance ,2176.16,906.2,41.64,False,3,80.02,31.0,74.56,113,Low Risk,🟢 High Synergy,Stretch Target
374,Chola Financial,15.37,34244.07,0.07,1214.27,4.64,9461.41,16.95,10.57,55.8,31.37,28.57,47.35,19.13,36.62,28.56,Finance ,37845.64,4857.08,12.83,False,0,74.96,33.0,74.49,114,Low Risk,🟡 Moderate Synergy,Stretch Target
313,Alphalogic Tech.,71.68,351.94,0.0,2.25,12.6,16.8,-10.59,16.28,12.32,86.49,47.52,35.57,12.49,46.58,44.13,IT - Software,67.2,9.0,13.39,False,3,92.48,13.0,74.42,115,Low Risk,🟢 High Synergy,Not Feasible
91,Unicommerce,68.29,1322.17,0.0,5.78,29.31,51.38,75.3,31.37,19.57,15.105,22.395,14.585,11.58,19.62,16.15,IT - Software,205.52,23.12,11.25,True,7,93.18,18.0,74.31,116,Low Risk,🟢 High Synergy,Not Feasible
54,Wipro,20.34,274651.66,2.29,3262.4,1.17,22697.3,1.77,19.51,19.82,3.95,2.29,10.05,15.58,5.26,3.87,IT - Software,90789.2,13049.6,14.37,False,2,72.96,38.0,74.24,117,Low Risk,🟡 Moderate Synergy,Stretch Target
97,Mindteck (India),22.86,676.22,0.47,7.56,-19.42,101.63,-6.1,15.54,8.39,12.41,19.89,24.35,12.4,18.26,20.13,IT - Software,406.52,30.24,7.44,False,5,76.38,38.0,74.23,118,Low Risk,🟢 High Synergy,Stretch Target
167,Pace Digitek,17.23,4084.47,0.0,67.87,-32.7,533.45,-36.96,41.31,19.89,81.83,191.08,14.585,31.52,139.15,-11.59,Telecom - Services ,2133.8,271.48,12.72,False,10,82.0,38.0,74.2,119,Low Risk,🟢 High Synergy,Stretch Target
66,Birlasoft Ltd,25.45,11748.51,1.54,116.1,-8.95,1328.9,-2.87,20.95,13.41,9.18,3.41,13.28,17.02,4.27,3.61,IT - Software,5315.6,464.4,8.74,False,2,79.68,28.0,74.09,120,Low Risk,🟢 High Synergy,Not Feasible
153,Finbud Financial,23.88,233.35,0.0,5.12,37.63,138.98,35.74,33.95,6.59,36.33,848.01,14.585,42.03,92.99,43.47,Fintech,555.92,20.48,3.68,False,12,83.87,38.0,74.05,121,Low Risk,🟢 High Synergy,Stretch Target
393,Can Fin Homes,12.89,11873.35,1.35,251.43,18.89,1049.45,9.04,9.34,91.95,24.96,22.08,17.73,18.49,25.76,22.08,Finance ,4197.8,1005.72,23.96,False,3,73.57,38.0,74.05,122,Low Risk,🟡 Moderate Synergy,Stretch Target
303,Trident Techlabs,26.68,518.17,0.33,11.38,228.9,63.5,201.38,26.67,24.75,37.06,161.85,14.585,26.5,59.42,42.7,IT - Software,254.0,45.52,17.92,False,20,100.0,28.0,74.0,123,Low Risk,🟢 High Synergy,Not Feasible
129,K.P. Energy,16.55,2209.55,0.18,35.94,44.11,300.69,51.39,41.72,20.07,55.25,87.58,72.81,41.69,74.76,87.49,Power,1202.76,143.76,11.95,False,7,85.0,28.0,73.95,124,Low Risk,🟢 High Synergy,Not Feasible
377,LIC Housing Fin.,5.26,29046.11,1.89,1349.37,1.62,7179.25,3.48,8.93,93.85,12.06,33.53,10.09,14.68,15.97,33.53,Finance ,28717.0,5397.48,18.8,False,0,65.16,43.0,73.56,125,Low Risk,🟡 Moderate Synergy,Stretch Target
16,Network People,103.12,2905.82,0.14,9.84,-45.79,46.68,-30.07,69.23,30.35,108.03,211.18,141.6,52.71,160.78,211.24,IT - Services,186.72,39.36,21.08,False,7,100.0,5.0,73.45,126,Low Risk,🟢 High Synergy,Not Feasible
399,Shriram Finance,20.95,183526.54,1.01,2314.16,12.22,11912.44,18.07,10.95,72.59,31.66,44.48,54.06,15.89,30.62,29.46,Finance ,47649.76,9256.64,19.43,False,3,75.39,33.0,73.44,127,Low Risk,🟢 High Synergy,Stretch Target
398,Bajaj Finserv,32.89,318372.08,0.05,4746.47,7.53,37402.93,10.98,11.03,37.79,25.07,24.96,12.13,14.38,32.17,24.83,Finance ,149611.72,18985.88,12.69,False,0,75.48,28.0,73.42,128,Low Risk,🟢 High Synergy,Not Feasible
58,Oracle Fin.Serv.,27.86,66111.53,3.49,546.1,-5.47,1788.8,6.86,40.6,43.55,9.45,8.0,36.01,27.79,8.68,7.74,IT - Software,7155.2,2184.4,30.53,False,4,83.32,23.0,73.31,129,Low Risk,🟢 High Synergy,Not Feasible
68,Sonata Software,22.3,9858.42,1.25,120.19,12.87,2119.3,-2.33,29.1,6.34,22.29,4.12,6.5,31.33,10.38,4.12,IT - Software,8477.2,480.76,5.67,False,10,79.44,38.0,73.3,130,Low Risk,🟢 High Synergy,Stretch Target
250,United Interacti,12.61,12.23,0.0,0.68,-41.82,0.0,12.32,3.98,-35.65,36.72,137.65,13.71,0.57,131.6,137.65,IT - Services,0.0,2.72,inf,False,22,54.5,92.0,73.28,131,Moderate Risk,🟠 Low Synergy,Highly Feasible
396,Home First Finan,23.59,10682.62,0.36,131.85,42.96,477.32,28.0,11.35,79.6,37.22,27.1,12.43,15.3,39.75,25.95,Finance ,1909.28,527.4,27.62,False,7,75.84,38.0,73.24,132,Low Risk,🟢 High Synergy,Stretch Target
72,Happiest Minds,33.08,6705.48,1.36,54.02,9.09,573.57,9.96,15.25,16.85,23.52,1.25,-20.63,19.38,15.63,0.03,IT - Software,2294.28,216.08,9.42,False,2,82.27,21.0,73.24,133,Low Risk,🟢 High Synergy,Not Feasible
358,Bajaj Holdings,17.34,122897.0,0.84,1689.88,8.54,396.87,42.21,9.82,84.19,15.13,16.66,23.52,12.27,16.26,16.66,Finance ,1587.48,6759.52,425.8,False,0,67.57,38.0,73.15,134,Low Risk,🟡 Moderate Synergy,Stretch Target
30,Kellton Tech,10.49,910.4,0.0,24.08,22.33,299.69,10.71,17.11,11.63,9.22,4.21,15.14,16.16,6.98,3.85,IT - Services,1198.76,96.32,8.03,False,5,73.22,38.0,73.13,135,Low Risk,🟡 Moderate Synergy,Stretch Target
253,Paramatrix Tech.,14.36,90.63,0.0,2.9,23.4,14.08,1.51,13.89,16.89,1.54,-6.11,14.585,11.93,-6.73,-70.69,IT - Software,56.32,11.6,20.6,False,29,62.25,91.0,72.94,136,Moderate Risk,🟡 Moderate Synergy,Highly Feasible
22,Orient Tech.,32.56,1637.89,0.46,14.17,-5.91,272.8,22.26,26.52,7.52,21.55,14.31,14.585,24.82,15.8,-14.3,IT - Services,1091.2,56.68,5.19,False,5,79.69,28.0,72.89,137,Low Risk,🟢 High Synergy,Not Feasible
6,Netweb Technol.,139.13,18759.9,0.08,31.43,20.05,303.72,20.98,32.45,14.29,66.93,71.9,14.585,29.45,68.14,-20.25,IT - Services,1214.88,125.72,10.35,False,8,90.0,18.0,72.8,138,Low Risk,🟢 High Synergy,Not Feasible
126,Insolation Ener,19.5,2827.66,0.08,80.07,30.68,776.75,26.91,34.73,12.17,83.64,162.83,130.33,40.01,130.26,131.21,Power,3107.0,320.28,10.31,False,7,83.77,25.0,72.77,139,Low Risk,🟢 High Synergy,Not Feasible
159,Indus Towers,12.21,114311.44,0.0,1839.3,-17.28,8188.2,9.68,28.99,64.45,2.81,16.21,33.25,23.32,11.79,17.04,Telecom - Services ,32752.8,7357.2,22.46,False,3,73.33,33.0,72.72,140,Low Risk,🟡 Moderate Synergy,Stretch Target
60,Mphasis,30.24,53973.78,2.01,469.07,10.8,3901.91,10.34,22.71,18.82,5.96,5.66,12.59,19.38,8.18,5.24,IT - Software,15607.64,1876.28,12.02,False,5,78.58,28.0,72.5,141,Low Risk,🟢 High Synergy,Not Feasible
371,Indian Renewable,22.28,38385.07,0.0,549.0,41.59,2056.88,26.22,9.37,88.78,33.16,38.93,14.585,17.14,36.99,31.61,Finance ,8227.52,2196.0,26.69,False,7,73.6,38.0,72.46,142,Low Risk,🟡 Moderate Synergy,Stretch Target
24,Expleo Solutions,14.3,1487.48,5.22,39.76,12.03,282.7,9.04,21.47,14.68,11.34,14.46,-8.16,19.63,11.29,-0.32,IT - Services,1130.8,159.04,14.06,False,9,80.63,31.0,72.37,143,Low Risk,🟢 High Synergy,Stretch Target
397,Bajaj Finance,32.63,597201.52,0.46,4947.76,21.89,20178.9,18.06,11.35,68.48,30.12,33.23,17.57,21.19,34.4,32.08,Finance ,80715.6,19791.04,24.52,False,3,75.84,28.0,72.34,144,Low Risk,🟢 High Synergy,Not Feasible
88,TAC Infosec,72.22,1412.65,0.0,15.57,78.87,29.49,137.82,43.69,57.87,15.105,22.395,14.585,11.58,19.62,16.15,IT - Software,117.96,62.28,52.8,True,12,93.18,18.0,72.31,145,Low Risk,🟢 High Synergy,Not Feasible
41,TechD Cybersec.,47.59,449.27,0.0,6.37,48.83,18.18,41.15,81.46,38.03,131.56,194.16,14.585,70.91,201.15,-64.01,IT - Services,72.72,25.48,35.04,False,12,90.0,22.0,72.2,146,Low Risk,🟢 High Synergy,Not Feasible
83,Silver Touch,81.15,2107.38,0.03,7.46,69.55,85.52,14.26,22.0,15.53,27.36,50.0,69.88,14.89,46.03,50.0,IT - Software,342.08,29.84,8.72,False,12,99.89,8.0,72.16,147,Low Risk,🟢 High Synergy,Not Feasible
394,AAVAS Financiers,19.03,11477.07,0.0,163.93,10.83,667.02,15.17,10.09,74.31,21.76,17.16,-7.41,14.06,22.93,17.05,Finance ,2668.08,655.72,24.58,False,3,72.94,31.0,72.08,148,Low Risk,🟡 Moderate Synergy,Stretch Target
62,Tata Elxsi,52.85,35442.3,1.32,154.82,-32.52,918.1,-3.87,36.26,22.81,14.71,12.67,-2.81,34.21,12.5,12.67,IT - Software,3672.4,619.28,16.86,False,7,91.05,11.0,71.82,149,Low Risk,🟢 High Synergy,Not Feasible
373,CRISIL,46.29,34682.64,0.53,193.1,12.56,911.24,12.24,35.6,29.34,12.32,16.05,16.15,30.71,12.74,15.92,Finance ,3644.96,772.4,21.19,False,3,78.28,22.0,71.7,150,Low Risk,🟢 High Synergy,Not Feasible
351,Orchasp Ltd,22.96,98.03,0.0,0.21,101.47,7.54,64.27,-8.26,15.75,-17.32,22.395,-17.38,-3.01,19.62,16.15,IT - Software,30.16,0.84,2.79,False,16,53.08,78.0,71.68,151,Low Risk,🟠 Low Synergy,Highly Feasible
144,IND Renewable,27.81,16.01,0.0,-0.01,80.0,0.0,12.32,-0.23,15.68,15.105,3.57,9.12,-0.07,10.06,1.19,Power,0.0,-0.04,-inf,True,14,45.7,85.0,71.64,152,Low Risk,🟠 Low Synergy,Highly Feasible
363,Bajaj Housing,33.03,77973.29,0.0,642.96,17.84,2754.85,14.3,9.55,90.96,36.48,45.01,14.585,14.29,40.91,21.37,Finance ,11019.4,2571.84,23.34,False,3,73.8,28.0,71.63,153,Low Risk,🟡 Moderate Synergy,Not Feasible
360,REC Ltd,5.54,95679.62,4.95,4414.93,9.34,15152.67,10.75,9.96,96.54,12.8,16.63,43.46,21.42,16.34,16.63,Finance ,60610.68,17659.72,29.14,False,2,65.38,38.0,71.58,154,Low Risk,🟡 Moderate Synergy,Stretch Target
326,Artificial Elect,16.66,213.43,0.0,9.75,4542.86,33.05,812.98,22.89,25.56,15.105,175.31,210.07,15.1,199.51,48.26,IT - Software,132.2,39.0,29.5,False,20,95.11,25.0,71.54,155,Low Risk,🟢 High Synergy,Not Feasible
376,TVS Holdings,20.87,30051.52,0.63,880.08,59.15,14549.15,25.92,15.21,15.8,20.69,36.65,54.1,23.17,31.22,36.65,Finance ,58196.6,3520.32,6.05,False,12,80.21,33.0,71.52,156,Low Risk,🟢 High Synergy,Stretch Target
55,LTIMindtree,36.78,179075.36,1.08,1381.2,12.0,10394.3,10.19,27.63,17.06,13.33,5.21,12.57,24.66,7.56,-11.68,IT - Software,41577.2,5524.8,13.29,False,8,83.33,22.0,71.47,157,Low Risk,🟢 High Synergy,Not Feasible
359,Power Fin.Corpn.,4.79,118456.86,4.4,7834.39,8.31,28890.24,12.32,9.73,96.22,11.99,17.95,42.48,20.95,14.91,17.95,Finance ,115560.96,31337.56,27.12,False,2,64.97,38.0,71.44,158,Low Risk,🟡 Moderate Synergy,Stretch Target
12,Datamatics Glob.,21.6,4401.98,0.67,63.39,49.29,490.23,20.52,15.01,15.63,12.79,3.43,38.5,15.74,6.04,3.34,IT - Services,1960.92,253.56,12.93,False,9,76.44,33.0,71.4,159,Low Risk,🟢 High Synergy,Stretch Target
8,Black Box,31.91,8670.56,0.2,55.65,-3.68,1584.59,5.83,29.75,8.71,3.57,52.29,56.58,37.63,27.24,50.7,IT - Services,6338.36,222.6,3.51,False,2,75.58,23.0,71.4,160,Low Risk,🟢 High Synergy,Not Feasible
92,Kody Technolab,68.98,1215.48,0.0,4.48,15.11,31.68,12.32,10.685,35.04,15.105,22.395,14.585,11.58,19.62,16.15,IT - Software,126.72,17.92,14.14,True,3,80.27,18.0,71.39,161,Low Risk,🟢 High Synergy,Not Feasible
368,M & M Fin. Serv.,19.63,48440.5,1.87,566.07,44.95,5026.19,12.56,8.77,62.92,17.49,26.31,15.13,10.91,24.48,26.31,Finance ,20104.76,2264.28,11.26,False,7,70.41,38.0,71.34,162,Low Risk,🟡 Moderate Synergy,Stretch Target
356,Tata Capital,41.51,152750.65,0.0,1118.97,2.01,7737.18,7.69,9.58,71.64,40.73,30.62,14.585,15.55,39.41,27.28,Finance ,30948.72,4475.88,14.46,False,0,73.84,22.0,71.34,163,Low Risk,🟡 Moderate Synergy,Not Feasible
59,Coforge,49.46,56326.95,0.9,425.4,75.93,3985.7,31.73,20.34,15.84,23.28,6.53,28.37,20.87,16.8,3.26,IT - Software,15942.8,1701.6,10.67,False,14,89.64,22.0,71.27,164,Low Risk,🟢 High Synergy,Not Feasible
73,Tanla Platforms,13.93,6678.67,2.38,125.05,-3.96,1078.48,7.77,29.19,16.13,7.9,-2.02,-11.57,28.53,0.67,-1.75,IT - Software,4313.92,500.2,11.6,False,10,77.9,31.0,71.02,165,Low Risk,🟢 High Synergy,Stretch Target
29,Excelsoft Tech.,27.08,969.01,0.0,10.11,20.5,64.76,20.87,16.42,31.18,14.11,22.25,14.585,7.83,9.55,-69.24,IT - Services,259.04,40.44,15.61,False,8,77.68,28.0,70.99,166,Low Risk,🟢 High Synergy,Not Feasible
43,Inspirisys Sol.,10.2,337.7,0.0,7.4,94.69,119.71,42.26,23.75,9.12,4.35,62.5,13.49,11.58,149.83,62.5,IT - Services,478.84,29.6,6.18,False,14,77.16,38.0,70.91,167,Low Risk,🟢 High Synergy,Stretch Target
268,IEC Education,27.81,42.29,0.0,-0.04,20.0,0.0,12.32,-0.84,15.68,15.105,-6.25,14.585,-1.19,-6.17,-6.25,IT - Software,0.0,-0.16,-inf,True,26,60.1,81.0,70.89,168,Moderate Risk,🟡 Moderate Synergy,Highly Feasible
395,SBFC Finance,27.81,10916.15,0.0,109.14,29.96,410.78,30.87,11.55,68.41,35.12,74.75,14.585,10.87,40.85,60.07,Finance ,1643.12,436.56,26.57,False,7,76.07,28.0,70.82,169,Low Risk,🟢 High Synergy,Not Feasible
109,Torrent Power,22.27,66607.71,1.44,741.55,50.45,7876.0,9.76,15.95,18.2,26.94,48.09,39.5,17.99,14.09,45.77,Power,31504.0,2966.2,9.42,False,12,78.04,33.0,70.76,170,Low Risk,🟢 High Synergy,Stretch Target
384,Choice Intl.,100.89,18295.27,0.0,56.46,20.12,274.43,10.93,19.95,33.83,47.81,44.81,86.16,19.35,47.39,44.65,Finance ,1097.72,225.84,20.57,False,3,85.57,8.0,70.75,171,Low Risk,🟢 High Synergy,Not Feasible
296,Virgo Global,27.81,5.51,0.0,-0.76,14.61,0.0,-100.0,2.93,15.68,-33.96,22.395,-15.69,23.59,-24.61,38.67,IT - Software,0.0,-3.04,-inf,False,23,58.31,78.0,70.71,172,Moderate Risk,🟡 Moderate Synergy,Highly Feasible
357,Cholaman.Inv.&Fn,31.17,144782.52,0.12,1159.61,19.82,7491.38,19.76,10.34,69.18,36.57,25.56,36.92,20.03,36.26,24.56,Finance ,29965.52,4638.44,15.48,False,3,74.7,23.0,70.7,173,Low Risk,🟡 Moderate Synergy,Not Feasible
5,Sagility,29.4,23490.48,0.1,250.83,113.76,1658.5,25.17,9.58,24.55,82.03,290.55,14.585,4.89,85.39,190.21,IT - Services,6634.0,1003.32,15.12,False,16,85.84,28.0,70.64,174,Low Risk,🟢 High Synergy,Not Feasible
104,Tata Power Co.,28.84,116565.99,0.62,1245.39,-8.03,15544.91,-0.97,10.81,19.7,15.21,20.56,20.97,11.55,13.88,20.56,Power,62179.64,4981.56,8.01,False,0,67.44,28.0,70.6,175,Low Risk,🟡 Moderate Synergy,Not Feasible
348,Focus Business,89.45,105.55,0.04,0.6,252.94,12.59,17.99,15.47,8.4,19.76,57.34,121.4,12.5,34.87,49.8,IT - Software,50.36,2.4,4.77,False,22,83.67,40.0,70.48,176,Moderate Risk,🟢 High Synergy,Stretch Target
365,HDB FINANC SER,28.87,62136.4,0.27,581.4,-1.62,4545.4,13.44,9.79,56.23,12.95,29.09,14.585,17.42,26.04,28.8,Finance ,18181.6,2325.6,12.79,False,0,67.02,28.0,70.46,177,Low Risk,🟡 Moderate Synergy,Not Feasible
361,Aditya Birla Cap,28.39,92637.76,0.0,882.47,-14.09,10594.96,2.64,9.33,36.34,22.26,24.42,35.13,16.17,35.83,21.31,Finance ,42379.84,3529.88,8.33,False,3,73.55,23.0,70.29,178,Low Risk,🟡 Moderate Synergy,Not Feasible
173,Sar Televenture,17.05,1141.88,0.0,36.26,126.77,241.76,106.6,9.28,16.09,319.79,953.05,14.585,12.38,353.41,35.34,Telecom - Services ,967.04,145.04,15.0,False,16,77.5,38.0,70.22,179,Low Risk,🟢 High Synergy,Stretch Target
118,KPI Green Energy,22.22,8820.19,0.15,116.64,54.5,634.3,76.35,17.5,32.21,96.15,95.04,64.81,24.9,74.16,82.98,Power,2537.2,466.56,18.39,False,12,79.8,28.0,70.13,180,Low Risk,🟢 High Synergy,Not Feasible
317,Covance Softsol,19.76,286.1,0.0,7.68,109.84,33.17,65.11,8.01,17.38,15.105,22.395,14.585,11.58,19.62,16.15,IT - Software,132.68,30.72,23.15,True,16,77.24,38.0,70.13,181,Low Risk,🟢 High Synergy,Stretch Target
369,H U D C O,15.35,43018.88,1.93,709.83,3.08,3219.03,27.85,9.62,97.44,13.98,16.43,61.73,13.51,14.71,16.43,Finance ,12876.12,2839.32,22.05,False,0,66.08,28.0,70.13,182,Low Risk,🟡 Moderate Synergy,Not Feasible
289,Wherrelz IT,27.81,7.72,0.0,0.23,-11.54,12.79,-29.61,-21.16,-167.42,233.12,22.395,4.45,11.58,19.62,16.15,IT - Software,51.16,0.92,1.8,True,18,48.08,82.0,70.13,183,Low Risk,🟠 Low Synergy,Highly Feasible
23,BLS E-Services,28.9,1629.49,0.56,18.28,7.83,269.75,249.6,15.83,8.28,75.12,110.84,14.585,12.96,112.46,-89.9,IT - Services,1079.0,73.12,6.78,False,7,74.08,28.0,70.13,184,Low Risk,🟡 Moderate Synergy,Not Feasible
9,R Systems Intl.,24.89,4698.74,3.16,35.34,-11.23,498.62,12.28,20.81,15.3,14.65,-2.52,17.87,24.19,9.35,-2.52,IT - Services,1994.48,141.36,7.09,False,15,83.19,28.0,70.12,185,Low Risk,🟢 High Synergy,Not Feasible
18,String Metaverse,32.56,2034.65,0.0,21.64,217.33,232.5,164.78,26.0,10.47,15.105,22.395,14.585,11.58,19.62,16.15,IT - Services,930.0,86.56,9.31,True,20,88.63,28.0,70.02,186,Low Risk,🟢 High Synergy,Not Feasible
99,IRIS Regtech Solutions,71.03,602.98,0.0,116.85,-50.69,28.56,6.13,30.22,8.75,27.16,135.31,54.36,20.97,39.53,130.16,IT - Software,114.24,467.4,409.14,False,14,92.09,13.0,69.88,187,Low Risk,🟢 High Synergy,Not Feasible
26,Aurum Proptech,27.81,1316.72,0.0,-8.41,34.66,82.5,28.99,-2.83,21.62,155.65,22.395,16.56,-18.75,81.07,16.15,IT - Services,330.0,-33.64,-10.19,False,7,73.08,28.0,69.78,188,Low Risk,🟡 Moderate Synergy,Not Feasible
136,Globus Power,27.81,137.04,0.0,-0.04,0.0,0.0,12.32,-7.29,15.68,15.105,3.51,-21.1,-10.57,3.51,3.51,Power,0.0,-0.16,-inf,True,2,46.86,56.0,69.6,189,Low Risk,🟠 Low Synergy,Feasible with Structuring
258,Cranes Software,27.81,67.31,0.0,-12.2,38.17,1.69,-5.59,10.685,-42.66,11.9,21.16,8.69,11.58,19.62,22.28,IT - Software,6.76,-48.8,-721.89,True,22,53.99,78.0,69.6,190,Moderate Risk,🟠 Low Synergy,Highly Feasible
346,BITS,312.29,109.3,0.0,0.1,900.0,0.34,25.93,1.12,39.68,15.15,22.395,14.585,0.41,81.71,16.15,IT - Software,1.36,0.4,29.41,False,20,69.49,53.0,69.57,191,Low Risk,🟡 Moderate Synergy,Feasible with Structuring
21,Genesys Intl.,29.74,1746.83,0.0,12.05,6.86,76.95,6.85,15.03,45.86,37.51,-3.31,-1.16,7.49,68.46,-10.7,IT - Services,307.8,48.2,15.66,False,11,82.0,21.0,69.55,192,Low Risk,🟢 High Synergy,Not Feasible
263,Quicktouch Tech,27.81,52.16,0.0,-3.24,-257.28,0.01,-99.96,6.25,3.11,15.105,22.395,14.585,11.58,19.62,16.15,IT - Software,0.04,-12.96,-32400.0,True,25,56.32,79.0,69.46,193,Moderate Risk,🟡 Moderate Synergy,Highly Feasible
76,Capillary Tech.,353.09,4996.29,0.0,1.03,15.11,359.22,12.32,2.88,10.86,38.94,29.4,14.585,-14.63,53.0,28.33,IT - Software,1436.88,4.12,0.29,False,3,74.47,18.0,69.36,194,Low Risk,🟡 Moderate Synergy,Not Feasible
366,Sundaram Finance,29.62,58412.35,0.67,488.12,11.92,2385.64,14.44,9.64,79.28,18.54,16.71,30.78,14.58,22.39,16.71,Finance ,9542.56,1952.48,20.46,False,3,70.8,23.0,69.33,195,Low Risk,🟡 Moderate Synergy,Not Feasible
25,Ivalue Infosolut,15.16,1380.46,0.0,27.46,41.11,312.81,48.31,25.77,12.57,-11.2,21.83,14.585,20.81,21.61,-43.45,IT - Services,1251.24,109.84,8.78,False,12,69.55,38.0,69.04,196,Low Risk,🟡 Moderate Synergy,Stretch Target
232,Sancode Tech.,44.52,49.42,0.0,-0.11,122.0,7.46,29.51,7.07,5.67,78.21,13.92,14.585,-9.9,12.53,-57.14,IT - Services,29.84,-0.44,-1.47,False,26,59.07,75.0,69.02,197,Moderate Risk,🟡 Moderate Synergy,Highly Feasible
100,NTPC,13.73,326092.03,2.49,5225.3,-3.94,44785.82,0.18,9.95,28.64,12.35,8.41,26.0,12.44,9.46,8.41,Power,179143.28,20901.2,11.67,False,2,57.81,38.0,68.93,198,Low Risk,🟡 Moderate Synergy,Stretch Target
168,Bondada Engineer,22.88,3803.1,0.03,92.56,147.65,1216.67,153.16,39.5,11.45,67.54,121.74,14.585,35.06,108.77,-25.94,Telecom - Services ,4866.68,370.24,7.61,False,21,79.36,38.0,68.88,199,Moderate Risk,🟢 High Synergy,Stretch Target
160,Bharti Hexacom,54.93,88150.38,0.57,421.2,66.42,2317.3,10.47,17.44,51.41,16.51,143.23,14.585,18.31,31.88,101.61,Telecom - Services ,9269.2,1684.8,18.18,False,12,83.24,18.0,68.83,200,Low Risk,🟢 High Synergy,Not Feasible
192,ADC India,33.45,604.07,2.28,4.31,-50.57,45.75,-9.92,46.57,11.48,15.73,42.35,36.92,29.15,41.33,42.35,Telecom - Equipments and Accessories ,183.0,17.24,9.42,False,12,79.15,23.0,68.65,201,Low Risk,🟢 High Synergy,Not Feasible
293,Omni Ax's,27.81,6.67,0.0,-0.03,15.11,0.0,-100.0,-0.61,-33.33,15.105,16.67,7.56,-0.91,16.67,16.67,IT - Software,0.0,-0.12,-inf,False,18,43.44,82.0,68.5,202,Low Risk,🟠 Low Synergy,Highly Feasible
117,JP Power Ven.,15.54,11541.36,0.0,182.1,-0.31,1438.3,17.28,10.26,31.81,5.71,96.34,32.46,6.86,15.93,96.34,Power,5753.2,728.4,12.66,False,0,57.32,33.0,68.31,203,Low Risk,🟡 Moderate Synergy,Stretch Target
194,Kavveri Defence,33.51,249.63,0.0,0.47,-2.08,2.1,61.54,8.43,12.44,45.05,33.03,121.18,26.5,223.32,33.03,Telecom - Equipments and Accessories ,8.4,1.88,22.38,False,0,69.83,15.0,68.19,204,Low Risk,🟡 Moderate Synergy,Not Feasible
379,PNB Housing,11.53,25337.19,0.51,626.49,32.82,2167.91,16.08,9.46,93.96,7.6,33.34,28.28,11.56,11.09,33.2,Finance ,8671.64,2505.96,28.9,False,7,61.3,38.0,68.16,205,Low Risk,🟡 Moderate Synergy,Stretch Target
297,Hit Kit Global,27.81,5.49,0.0,0.01,-96.55,0.2,-52.38,2.14,-22.54,42.55,61.63,10.79,0.15,52.38,55.67,IT - Software,0.8,0.04,5.0,False,27,52.42,82.0,68.05,206,Moderate Risk,🟠 Low Synergy,Highly Feasible
362,SBI Cards,42.86,82206.14,0.29,444.77,9.98,4960.98,12.21,10.4,27.49,19.17,5.83,3.35,20.14,20.82,5.53,Finance ,19843.92,1779.08,8.97,False,2,66.7,22.0,68.05,207,Low Risk,🟡 Moderate Synergy,Not Feasible
175,Suyog Telematics,17.72,655.55,0.31,16.59,-18.15,52.25,9.45,13.67,59.82,15.08,-0.67,18.01,18.16,8.92,-2.65,Telecom - Services ,209.0,66.36,31.75,False,13,67.54,38.0,67.94,208,Low Risk,🟡 Moderate Synergy,Stretch Target
122,Reliance Infra.,1.35,6387.72,0.0,2575.3,50.47,6234.91,-14.1,34.01,9.0,7.47,86.45,5.53,6.71,57.38,70.71,Power,24939.64,10301.2,41.3,False,14,65.05,43.0,67.92,209,Low Risk,🟡 Moderate Synergy,Stretch Target
182,Quadrant Tele.,27.81,25.11,0.0,-13.82,54.09,54.41,-13.77,10.685,13.67,-18.59,-7.23,-34.06,11.58,9.81,-7.23,Telecom - Services ,217.64,-55.28,-25.4,False,22,49.09,78.0,67.88,210,Moderate Risk,🟠 Low Synergy,Highly Feasible
364,L&T Finance Ltd,27.81,75040.38,0.92,734.88,5.64,4335.75,7.87,8.71,60.77,10.11,44.84,48.29,7.23,10.77,44.44,Finance ,17343.0,2939.52,16.95,False,0,62.96,23.0,67.79,211,Low Risk,🟡 Moderate Synergy,Not Feasible
400,Muthoot Finance,21.0,153407.07,0.68,2411.65,90.36,7282.79,47.76,13.19,75.96,18.38,9.91,52.64,18.73,15.04,9.89,Finance ,29131.16,9646.6,33.11,False,14,71.25,33.0,67.59,212,Low Risk,🟡 Moderate Synergy,Stretch Target
256,Cambridge Tech.,27.81,72.28,0.0,-5.21,82.01,44.11,2.46,-18.79,2.27,21.02,22.395,-12.8,-11.8,19.62,16.15,IT - Software,176.44,-20.84,-11.81,True,22,52.51,72.0,67.58,213,Moderate Risk,🟠 Low Synergy,Highly Feasible
272,B2B Soft.Tech.,12.1,30.14,0.0,0.63,103.23,7.66,23.15,15.2,6.48,6.63,-0.75,-1.42,11.58,-2.72,-0.75,IT - Software,30.64,2.52,8.22,False,36,56.48,88.0,67.37,214,Moderate Risk,🟡 Moderate Synergy,Highly Feasible
114,Nava,17.78,16450.96,1.38,177.5,-47.98,963.73,7.02,17.17,43.19,5.97,24.18,68.64,16.46,7.2,25.22,Power,3854.92,710.0,18.42,False,7,65.39,28.0,67.09,215,Low Risk,🟡 Moderate Synergy,Not Feasible
385,Capri Global,24.69,17695.0,0.11,236.0,143.35,1121.37,49.18,11.18,65.09,49.64,32.63,1.18,9.15,48.44,32.54,Finance ,4485.48,944.0,21.05,False,16,75.65,28.0,67.08,216,Low Risk,🟢 High Synergy,Not Feasible
48,Sattrix Infor.,44.04,249.28,0.0,2.01,402.5,28.06,26.45,23.63,17.8,24.84,23.59,14.585,20.65,31.62,-85.95,IT - Services,112.24,8.04,7.16,False,25,90.0,22.0,67.0,217,Moderate Risk,🟢 High Synergy,Not Feasible
35,Onward Technolog,16.5,678.31,1.67,11.94,237.29,138.97,12.95,15.65,11.87,16.94,4.84,-0.4,12.53,6.72,3.81,IT - Services,555.88,47.76,8.59,False,22,79.73,31.0,66.86,218,Moderate Risk,🟢 High Synergy,Stretch Target
291,First Fintec,88.15,7.05,0.0,0.06,50.0,0.68,38.78,0.28,-2.64,42.68,25.43,5.65,-5.84,37.61,25.43,IT - Software,2.72,0.24,8.82,False,22,50.32,72.0,66.81,219,Moderate Risk,🟠 Low Synergy,Highly Feasible
245,Panabyte Tech,93.06,23.27,0.0,0.36,620.0,2.87,34.11,8.23,6.12,-0.2,108.01,18.31,-2.31,22.59,97.48,IT - Services,11.48,1.44,12.54,False,25,51.26,75.0,66.69,220,Moderate Risk,🟠 Low Synergy,Highly Feasible
105,Adani Energy Sol,51.19,115441.65,0.0,557.1,-20.89,6595.83,6.66,10.23,29.14,28.29,25.25,-28.72,11.57,12.12,21.62,Power,26383.32,2228.4,8.45,False,3,71.57,11.0,66.6,221,Low Risk,🟡 Moderate Synergy,Not Feasible
292,Hind.Bio Science,335.73,6.71,0.0,-0.06,-175.0,0.0,-100.0,2.95,0.0,23.5,29.91,19.48,5.01,29.98,29.91,IT - Software,0.0,-0.24,-inf,False,26,53.34,73.0,66.52,222,Moderate Risk,🟠 Low Synergy,Highly Feasible
110,NLC India,13.39,34985.19,1.19,724.8,-27.06,4178.41,14.25,10.51,26.03,8.28,49.7,46.03,12.24,8.64,49.7,Power,16713.64,2899.2,17.35,False,7,60.17,33.0,66.51,223,Low Risk,🟡 Moderate Synergy,Stretch Target
381,CreditAcc. Gram.,158.91,21244.69,0.0,125.81,-32.38,1508.35,3.79,9.55,37.24,29.18,14.6,14.71,16.26,21.62,13.67,Finance ,6033.4,503.24,8.34,False,7,70.64,18.0,66.42,224,Low Risk,🟡 Moderate Synergy,Not Feasible
179,Steelman Telecom,27.81,90.96,0.0,-8.97,18.08,116.82,15.09,-8.61,2.16,31.97,22.395,-18.6,-3.96,-0.78,16.15,Telecom - Services ,467.28,-35.88,-7.68,False,18,44.29,72.0,66.3,225,Low Risk,🟠 Low Synergy,Highly Feasible
28,IZMO,33.75,1063.58,0.0,12.56,-60.7,60.11,2.66,7.98,18.16,19.26,13.43,113.5,7.85,13.6,9.45,IT - Services,240.44,50.24,20.9,False,12,78.01,15.0,66.25,226,Low Risk,🟢 High Synergy,Not Feasible
200,T N Telecom.,27.81,41.94,0.0,-4.3,-30.7,0.0,12.32,10.685,15.68,15.105,-20.08,6.42,11.58,6.66,-20.08,Telecom - Equipments and Accessories ,0.0,-17.2,-inf,True,36,58.19,81.0,66.22,227,Moderate Risk,🟡 Moderate Synergy,Highly Feasible
191,Valiant Commun.,67.47,923.03,0.12,5.27,88.21,20.17,58.57,21.13,30.06,56.76,64.44,101.05,12.91,98.5,62.84,Telecom - Equipments and Accessories ,80.68,21.08,26.13,False,12,84.9,5.0,66.17,228,Low Risk,🟢 High Synergy,Not Feasible
157,Bharti Airtel,37.88,1219675.38,0.79,8650.8,65.11,52145.4,25.73,13.48,56.01,14.07,83.4,36.74,17.27,14.99,85.34,Telecom - Services ,208581.6,34603.2,16.59,False,12,76.32,17.0,66.16,229,Low Risk,🟢 High Synergy,Not Feasible
149,Infibeam Avenues,22.86,5410.6,0.0,67.65,50.94,1964.91,93.27,8.65,5.74,45.58,38.63,4.38,5.22,34.15,36.73,Fintech,7859.64,270.6,3.44,False,17,67.0,38.0,66.15,230,Low Risk,🟡 Moderate Synergy,Stretch Target
235,PCS Technology,29.0,45.82,0.0,0.39,39.29,0.09,12.5,4.85,-344.74,9.74,16.22,11.56,2.11,14.09,16.22,IT - Services,0.36,1.56,433.33,False,22,43.34,78.0,65.87,231,Moderate Risk,🟠 Low Synergy,Highly Feasible
40,Panache Digilife,69.77,464.68,0.0,1.48,-3.27,39.02,66.54,13.05,7.52,10.54,38.41,70.93,9.15,17.1,27.84,IT - Services,156.08,5.92,3.79,False,2,69.99,8.0,65.7,232,Low Risk,🟡 Moderate Synergy,Not Feasible
78,ASM Technologies,78.95,4373.59,0.13,19.12,568.53,154.46,171.27,19.3,20.45,14.64,21.06,85.74,9.19,25.66,18.01,IT - Software,617.84,76.48,12.38,False,20,90.48,8.0,65.67,233,Low Risk,🟢 High Synergy,Not Feasible
339,R S Software (I),27.81,120.03,0.53,-5.92,-218.4,6.07,-64.71,17.94,-17.61,27.71,37.24,24.1,14.24,57.26,37.19,IT - Software,24.28,-23.68,-97.53,False,35,70.29,60.0,65.6,234,Moderate Risk,🟡 Moderate Synergy,Feasible with Structuring
225,Sylph Industries,23.17,65.35,0.0,3.72,12500.0,42.92,12.32,10.685,-71.43,15.105,22.395,-40.45,11.58,19.62,16.15,IT - Services,171.68,14.88,8.67,True,35,55.27,81.0,65.59,235,Moderate Risk,🟡 Moderate Synergy,Highly Feasible
172,Megasoft,10.34,1426.24,0.0,0.56,103.93,0.0,12.32,8.74,15.68,15.105,22.395,83.61,-6.47,54.87,16.15,Telecom - Services ,0.0,2.24,inf,True,16,70.07,28.0,65.12,236,Low Risk,🟡 Moderate Synergy,Not Feasible
165,Tata Tele. Mah.,27.81,9116.13,0.0,-320.82,2.9,286.13,-16.7,50.32,48.68,6.14,-1.7,-18.59,11.58,6.6,-1.7,Telecom - Services ,1144.52,-1283.28,-112.12,False,10,68.14,21.0,65.1,237,Low Risk,🟡 Moderate Synergy,Not Feasible
102,Power Grid Corpn,15.77,239770.64,3.49,3566.08,-5.98,11475.95,1.76,12.78,82.04,3.23,2.77,17.55,18.11,3.0,2.77,Power,45903.8,14264.32,31.07,False,4,49.07,38.0,65.07,238,Low Risk,🟠 Low Synergy,Stretch Target
315,Ace Soft. Exp.,52.3,344.17,0.0,1.83,109.2,14.01,139.49,9.97,15.35,47.76,98.18,195.16,5.61,169.82,84.28,IT - Software,56.04,7.32,13.06,False,16,86.28,5.0,65.05,239,Low Risk,🟢 High Synergy,Not Feasible
195,Frog Innovations,13.67,235.41,0.0,-1.02,-119.21,54.93,-31.13,21.46,16.21,18.16,17.12,-12.11,14.85,19.11,-82.71,Telecom - Equipments and Accessories ,219.72,-4.08,-1.86,False,21,73.44,31.0,65.05,240,Moderate Risk,🟡 Moderate Synergy,Stretch Target
47,ACS Tech,50.61,271.76,0.0,2.37,46.0,48.25,45.51,6.79,8.25,15.105,686.22,14.585,5.73,920.57,833.03,IT - Services,193.0,9.48,4.91,False,9,68.9,18.0,65.02,241,Low Risk,🟡 Moderate Synergy,Not Feasible
273,Micropro Softwar,27.81,29.1,0.0,-2.11,-62.31,8.13,27.83,-3.38,-7.39,15.105,22.395,14.585,11.58,19.62,16.15,IT - Software,32.52,-8.44,-25.95,True,27,43.18,82.0,64.81,242,Moderate Risk,🟠 Low Synergy,Highly Feasible
162,Altius Telecom,51.16,45711.0,5.74,280.0,33.08,6080.2,51.15,8.17,41.32,25.74,14.13,14.585,5.4,31.79,8.29,Telecom - Services ,24320.8,1120.0,4.61,False,11,70.39,18.0,64.74,243,Low Risk,🟡 Moderate Synergy,Not Feasible
206,Dev Information,28.26,190.99,0.59,71.88,-79.75,48.51,34.97,11.2,6.53,19.55,256.7,-10.83,16.36,36.82,254.36,IT - Services,194.04,287.52,148.18,False,17,74.97,21.0,64.69,244,Low Risk,🟡 Moderate Synergy,Not Feasible
266,Netlink Solns(I),27.81,44.86,0.0,-0.18,-102.83,0.01,-91.67,20.45,-4850.0,-20.09,74.94,57.96,26.23,72.58,74.94,IT - Software,0.04,-0.72,-1800.0,False,31,53.13,73.0,64.45,245,Moderate Risk,🟠 Low Synergy,Highly Feasible
325,Equippp Social,124.83,218.45,0.0,0.22,142.31,10.86,2162.5,10.96,11.63,15.105,34.68,-26.57,2.65,73.99,34.68,IT - Software,43.44,0.88,2.03,False,16,80.22,11.0,64.43,246,Low Risk,🟢 High Synergy,Not Feasible
125,Sustainable Ener,29.18,3823.2,4.97,8.64,-44.9,161.84,1.35,5.91,83.13,15.105,22.395,14.585,11.58,19.62,16.15,Power,647.36,34.56,5.34,True,9,59.87,28.0,64.35,247,Low Risk,🟡 Moderate Synergy,Not Feasible
212,Cressanda Railwa,27.81,120.74,0.0,-3.58,10.0,0.86,179.63,0.29,-27.2,464.97,22.395,-52.53,4.64,343.1,16.15,IT - Services,3.44,-14.32,-416.28,False,15,48.4,53.0,64.19,248,Low Risk,🟠 Low Synergy,Feasible with Structuring
261,Globalspace Tech,106.06,59.39,0.0,-0.12,-300.0,10.01,-13.48,2.13,10.46,47.96,12.35,-8.19,11.58,-18.44,12.38,IT - Software,40.04,-0.48,-1.2,False,40,69.03,64.0,64.16,249,Moderate Risk,🟡 Moderate Synergy,Feasible with Structuring
46,Intense Tech.,27.1,277.21,0.85,3.17,-36.73,33.48,-20.0,15.24,9.8,21.75,-5.1,18.55,12.65,-0.23,-6.54,IT - Services,133.92,12.68,9.47,False,24,76.38,28.0,64.13,250,Moderate Risk,🟢 High Synergy,Not Feasible
190,Optiemus Infra.,59.89,4118.5,0.0,16.78,22.21,418.27,-12.24,14.4,6.59,58.84,313.64,16.73,12.38,100.16,311.42,Telecom - Equipments and Accessories ,1673.08,67.12,4.01,False,8,65.16,18.0,64.11,251,Low Risk,🟡 Moderate Synergy,Not Feasible
65,Intellect Design,31.85,12812.77,0.44,101.92,93.66,758.09,35.83,16.76,22.05,10.0,-0.79,29.25,13.56,6.15,-1.83,IT - Software,3032.36,407.68,13.44,False,22,73.96,28.0,64.09,252,Moderate Risk,🟡 Moderate Synergy,Not Feasible
50,Airan,91.17,211.52,0.0,0.77,145.18,26.27,0.15,10.9,15.73,6.86,20.69,0.7,9.39,14.51,20.69,IT - Services,105.08,3.08,2.93,False,16,74.19,18.0,64.07,253,Low Risk,🟡 Moderate Synergy,Not Feasible
186,City Online Ser.,27.81,2.58,0.0,-0.2,-242.86,1.95,6.56,38.34,0.81,-4.93,27.35,-6.41,11.58,91.29,27.35,Telecom - Services ,7.8,-0.8,-10.26,False,30,48.58,76.0,64.0,254,Moderate Risk,🟠 Low Synergy,Highly Feasible
341,Omega Interactiv,24.59,116.08,0.0,1.88,548.28,19.45,97150.0,7.65,9.9,-51.0,391.87,129.52,4.31,514.46,233.83,IT - Software,77.8,7.52,9.67,False,22,57.99,50.0,64.0,255,Moderate Risk,🟡 Moderate Synergy,Feasible with Structuring
249,Quadpro ITeS,26.34,12.38,0.0,0.23,-42.5,3.15,-24.28,4.25,11.57,-6.75,-12.03,-24.31,3.96,-3.27,-12.0,IT - Services,12.6,0.92,7.3,False,31,47.41,78.0,63.69,256,Moderate Risk,🟠 Low Synergy,Highly Feasible
260,Mudunuru,27.81,62.69,0.0,-0.82,-105.0,0.36,-69.49,-27.01,-11.53,82.5,10.9,27.42,11.58,24.02,14.78,IT - Software,1.44,-3.28,-227.78,False,31,47.39,78.0,63.69,257,Moderate Risk,🟠 Low Synergy,Highly Feasible
13,Zaggle Prepaid,37.01,4120.39,0.0,33.24,79.09,430.98,42.44,12.99,9.33,51.96,27.81,14.585,12.39,32.33,-85.91,IT - Services,1723.92,132.96,7.71,False,19,72.92,22.0,63.42,258,Low Risk,🟡 Moderate Synergy,Not Feasible
94,Xchanging Sol.,14.44,854.55,2.61,16.26,65.58,52.81,18.78,15.44,32.58,1.99,-1.95,4.48,7.13,4.18,-1.95,IT - Software,211.24,65.04,30.79,False,22,64.46,38.0,63.26,259,Moderate Risk,🟡 Moderate Synergy,Stretch Target
349,Odyssey Tech.,23.28,102.67,1.55,0.86,244.0,6.76,19.01,10.63,17.91,6.34,-2.37,8.89,8.72,-6.5,-2.62,IT - Software,27.04,3.44,12.72,False,43,63.36,73.0,63.23,260,Elevated Risk,🟡 Moderate Synergy,Highly Feasible
390,JM Financial,11.63,13284.4,1.94,261.89,16.3,1031.28,-13.37,9.39,62.07,5.79,2.01,25.48,7.35,-1.41,1.94,Finance ,4125.12,1047.56,25.39,False,10,50.38,38.0,63.13,261,Low Risk,🟠 Low Synergy,Stretch Target
161,Tata Comm,49.79,49688.81,1.44,183.21,-18.24,6099.75,6.49,14.79,19.35,11.38,-3.44,8.59,78.32,1.02,-3.44,Telecom - Services ,24399.0,732.84,3.0,False,13,65.11,22.0,63.09,262,Low Risk,🟡 Moderate Synergy,Not Feasible
207,DCM,6.36,166.56,0.0,1.45,104.23,17.62,5.95,78.63,3.51,-0.35,10.87,2.5,45.87,-0.58,10.87,IT - Services,70.48,5.8,8.23,False,26,57.29,53.0,62.9,263,Moderate Risk,🟡 Moderate Synergy,Feasible with Structuring
14,E2E Networks,460.65,4099.8,0.0,-13.46,-210.78,43.8,-7.89,8.08,42.89,46.76,95.41,124.9,8.47,80.31,75.54,IT - Services,175.2,-53.84,-30.73,False,20,84.14,5.0,62.7,264,Low Risk,🟢 High Synergy,Not Feasible
354,Unipro Technolgy,27.81,6.67,0.0,-0.28,-1300.0,0.0,12.32,-56.0,15.68,15.105,-37.0,14.585,11.58,19.62,-37.0,IT - Services,0.0,-1.12,-inf,True,49,60.1,85.0,62.69,265,Elevated Risk,🟡 Moderate Synergy,Highly Feasible
31,Veefin Solutions,48.89,832.59,0.0,8.21,103.69,110.04,476.43,6.81,22.85,128.94,143.62,14.585,6.24,186.88,-80.44,IT - Services,440.16,32.84,7.46,False,21,72.7,22.0,62.55,266,Moderate Risk,🟡 Moderate Synergy,Not Feasible
239,Kashyap TeleMed.,27.81,36.17,0.0,-0.06,15.11,0.0,-100.0,0.0,-125.0,-1.7,22.395,52.44,-1.53,19.62,19.98,IT - Services,0.0,-0.24,-inf,True,18,29.99,77.0,62.55,267,Low Risk,🔴 Misaligned,Highly Feasible
33,Allied Digital,19.21,767.6,1.11,15.42,32.93,233.7,15.11,10.87,6.37,18.53,-9.19,13.43,7.53,14.02,-10.37,IT - Services,934.8,61.68,6.6,False,23,63.27,38.0,62.44,268,Moderate Risk,🟡 Moderate Synergy,Stretch Target
152,MOS Utility,37.48,584.39,0.0,9.26,54.33,315.81,2.46,19.2,4.22,15.105,22.395,14.585,11.58,19.62,16.15,Fintech,1263.24,37.04,2.93,True,17,69.14,20.0,62.4,269,Low Risk,🟡 Moderate Synergy,Not Feasible
158,Vodafone Idea,27.81,121994.26,0.0,-5524.2,22.49,11194.7,2.4,-1.93,42.1,4.2,1.17,15.81,11.58,5.81,16.13,Telecom - Services ,44778.8,-22096.8,-49.35,False,5,49.27,28.0,62.24,270,Low Risk,🟠 Low Synergy,Not Feasible
274,Yudiz Solutions,27.81,27.76,0.0,-1.12,-918.18,10.31,-7.53,10.685,-25.23,3.9,22.395,14.585,11.58,19.62,16.15,IT - Software,41.24,-4.48,-10.86,True,35,44.06,82.0,61.92,271,Moderate Risk,🟠 Low Synergy,Highly Feasible
119,Powergrid Infra.,6.19,8364.76,6.52,279.29,177.79,316.63,-1.04,16.05,155.6,1.33,32.38,-10.46,8.1,29.32,32.38,Power,1266.52,1117.16,88.21,False,20,59.49,36.0,61.82,272,Low Risk,🟡 Moderate Synergy,Stretch Target
82,InfoBeans Tech.,33.65,2165.51,0.11,22.61,78.59,125.44,27.65,16.81,20.2,13.3,-10.77,20.38,11.51,0.06,-11.01,IT - Software,501.76,90.44,18.02,False,31,77.32,28.0,61.66,273,Moderate Risk,🟢 High Synergy,Not Feasible
229,Palred Technolog,27.81,57.86,0.0,-1.36,-5.88,23.78,-16.62,-2.52,-9.97,-12.43,22.395,-35.21,-7.09,19.62,16.15,IT - Services,95.12,-5.44,-5.72,True,15,28.07,71.0,61.57,274,Low Risk,🔴 Misaligned,Highly Feasible
391,IFCI,34.66,13199.55,0.0,317.4,71.83,732.28,18.66,8.08,70.73,6.49,27.93,52.57,0.44,67.17,27.51,Finance ,2929.12,1269.6,43.34,False,12,58.63,23.0,61.47,275,Low Risk,🟡 Moderate Synergy,Not Feasible
295,CLIO Infotech,565.25,5.65,0.0,0.0,-100.0,0.11,450.0,0.5,-13.79,15.105,28.24,-11.58,-0.7,53.26,28.24,IT - Software,0.44,0.0,0.0,False,27,45.67,65.0,61.43,276,Moderate Risk,🟠 Low Synergy,Feasible with Structuring
271,Starcom Info.,27.81,39.36,0.0,-1.2,-16.5,0.48,-37.66,10.685,-179.92,-5.6,2.27,-10.47,11.58,6.6,2.27,IT - Software,1.92,-4.8,-250.0,False,20,33.22,71.0,61.38,277,Low Risk,🔴 Misaligned,Highly Feasible
372,Poonawalla Fin,172.22,37518.94,0.0,74.2,115.75,1542.3,55.97,4.77,46.99,39.6,22.395,16.76,6.53,18.18,16.15,Finance ,6169.2,296.8,4.81,False,16,66.47,18.0,61.36,278,Low Risk,🟡 Moderate Synergy,Not Feasible
134,Indowind Energy,103.93,236.96,0.0,4.57,7.48,17.55,11.01,1.99,33.88,10.91,103.82,-0.94,2.1,12.69,114.78,Power,70.2,18.28,26.04,False,0,53.16,11.0,61.36,279,Low Risk,🟠 Low Synergy,Not Feasible
87,Mobavenue AI Tech,237.38,1770.82,0.04,7.3,1096.72,54.32,440.5,10.685,21.24,15.105,22.395,236.44,11.58,19.62,16.15,IT - Software,217.28,29.2,13.44,True,20,80.27,5.0,61.34,280,Low Risk,🟢 High Synergy,Not Feasible
347,Cura Tech.,27.81,106.59,0.0,-0.01,50.0,0.12,12.32,-10.69,-200.0,15.105,22.395,14.585,11.58,19.62,16.15,IT - Software,0.48,-0.04,-8.33,True,22,43.18,60.0,61.31,281,Moderate Risk,🟠 Low Synergy,Feasible with Structuring
388,RRPSemiconductor,27.81,14666.99,0.0,-7.15,-492.86,-6.82,-220.49,80.21,5.79,15.105,397.13,14.585,11.58,452.88,42.39,Finance ,-27.28,-28.6,104.84,True,25,69.41,28.0,61.29,282,Moderate Risk,🟡 Moderate Synergy,Not Feasible
288,Objectone Inform,27.81,8.41,0.0,-0.18,40.0,3.54,-17.1,9.12,2.3,2.51,-7.17,-20.79,2.49,6.47,-7.17,IT - Software,14.16,-0.72,-5.08,False,27,37.32,76.0,61.26,283,Moderate Risk,🟠 Low Synergy,Highly Feasible
236,Lee & Nee Soft.,145.35,45.06,0.0,0.03,-40.0,2.52,2.44,0.95,-5.92,21.11,6.92,-4.17,0.48,18.76,6.92,IT - Services,10.08,0.12,1.19,False,24,44.53,61.0,61.24,284,Moderate Risk,🟠 Low Synergy,Feasible with Structuring
19,Brightcom Group,2.5,2017.97,0.0,233.03,25.09,1643.98,26.19,12.32,25.78,0.84,-8.01,-28.51,12.71,-4.23,-8.01,IT - Services,6575.92,932.12,14.17,False,22,59.78,36.0,61.12,285,Moderate Risk,🟡 Moderate Synergy,Stretch Target
112,CESC,15.11,21907.99,3.63,445.0,20.4,5267.0,12.06,11.23,18.69,10.67,-0.59,30.3,11.87,2.98,-0.59,Power,21068.0,1780.0,8.45,False,15,53.37,33.0,60.93,286,Low Risk,🟠 Low Synergy,Stretch Target
131,Orient Green,23.68,1320.68,0.0,80.94,7.76,131.01,7.99,6.65,63.31,-5.34,73.2,4.73,3.14,-6.12,73.2,Power,524.04,323.76,61.78,False,13,47.52,38.0,60.93,287,Low Risk,🟠 Low Synergy,Stretch Target
127,Guj Inds. Power,12.34,2316.55,2.74,21.3,-38.65,321.4,16.42,6.44,31.71,2.33,7.27,20.42,6.14,3.61,6.34,Power,1285.6,85.2,6.63,False,9,42.79,38.0,60.88,288,Low Risk,🟠 Low Synergy,Stretch Target
120,GMR Urban,27.81,7234.4,0.0,894.7,-295.13,1810.36,30.83,13.18,19.19,15.65,16.64,66.75,11.58,32.03,18.19,Power,7241.44,3578.8,49.42,False,20,69.65,18.0,60.88,289,Low Risk,🟡 Moderate Synergy,Not Feasible
103,Adani Green,71.13,155839.34,0.0,644.0,102.55,3008.0,0.1,8.7,81.16,29.75,56.44,-20.67,16.04,38.63,55.78,Power,12032.0,2576.0,21.41,False,16,69.84,11.0,60.79,290,Low Risk,🟡 Moderate Synergy,Not Feasible
285,Southern Infocon,99.37,11.92,0.0,0.17,750.0,4.22,2010.0,7.9,1.17,-4.28,65.1,11.9,3.41,46.85,65.1,IT - Software,16.88,0.68,4.03,False,30,41.22,73.0,60.68,291,Moderate Risk,🟠 Low Synergy,Highly Feasible
277,Senthil Infotek,27.81,25.07,0.0,0.01,15.11,0.02,-50.0,-2.69,-1990.91,0.0,22.395,61.38,-0.75,19.62,16.15,IT - Software,0.08,0.04,50.0,True,18,28.07,72.0,60.62,292,Low Risk,🔴 Misaligned,Highly Feasible
254,Accel,36.54,82.21,2.1,0.79,2.56,43.65,11.13,7.93,8.14,13.45,-40.08,-2.59,3.94,-2.99,-40.17,IT - Software,174.6,3.16,1.81,False,42,58.32,68.0,60.61,293,Elevated Risk,🟡 Moderate Synergy,Feasible with Structuring
137,Energy Devl.Co.,27.81,89.06,0.0,10.57,61.37,20.66,36.91,3.89,54.16,-8.65,22.395,-0.09,-14.71,-18.58,16.15,Power,82.64,42.28,51.16,False,32,42.48,74.0,60.57,294,Moderate Risk,🟠 Low Synergy,Highly Feasible
148,Pine Labs,27.81,25600.1,0.0,5.97,118.65,649.9,17.83,-0.49,9.6,34.61,22.395,14.585,-7.02,25.76,7.6,Fintech,2599.6,23.88,0.92,False,18,58.55,28.0,60.29,295,Low Risk,🟡 Moderate Synergy,Not Feasible
106,JSW Energy,42.32,85650.07,0.41,824.27,-17.41,5177.42,59.91,6.49,49.55,12.88,1.78,20.06,7.67,13.09,-0.28,Power,20709.68,3297.08,15.92,False,7,50.22,22.0,60.28,296,Low Risk,🟠 Low Synergy,Not Feasible
290,Nihar Info Glob.,27.81,7.5,0.0,1.31,520.0,5.92,1060.78,-34.03,-11.1,15.105,22.395,-7.13,11.58,19.62,16.15,IT - Software,23.68,5.24,22.13,True,35,43.18,75.0,59.86,297,Moderate Risk,🟠 Low Synergy,Highly Feasible
246,Ekennis Software,27.81,21.04,0.0,-0.53,44.21,0.85,-20.56,-21.27,-26.02,-22.55,22.395,-3.46,-6.03,19.62,16.15,IT - Services,3.4,-2.12,-62.35,True,22,28.07,75.0,59.77,298,Moderate Risk,🔴 Misaligned,Highly Feasible
198,Punjab Commun.,15.1,73.69,0.0,3.23,423.0,8.17,47.47,-2.82,-22.27,16.95,24.22,25.25,-15.77,24.99,24.22,Telecom - Equipments and Accessories ,32.68,12.92,39.53,False,35,32.95,88.0,59.53,299,Moderate Risk,🔴 Misaligned,Highly Feasible
284,Indo-City Info.,27.81,12.04,0.0,-0.03,82.35,0.04,-97.65,-10.22,-27.76,-3.99,22.395,17.4,-0.54,19.62,16.15,IT - Software,0.16,-0.12,-75.0,True,27,28.07,82.0,59.52,300,Moderate Risk,🔴 Misaligned,Highly Feasible
283,Cont. Chemicals,26.7,14.95,0.0,0.12,300.0,0.06,0.0,10.74,-275.0,-22.9,94.28,-10.11,9.25,43.42,94.28,IT - Software,0.24,0.48,200.0,False,35,42.15,75.0,59.5,301,Moderate Risk,🟠 Low Synergy,Highly Feasible
39,Tera Software,31.37,512.66,0.25,6.56,325.97,71.43,181.89,11.28,14.67,-5.4,110.06,112.3,-0.5,13.56,110.06,IT - Services,285.72,26.24,9.18,False,20,67.76,15.0,59.47,302,Low Risk,🟡 Moderate Synergy,Not Feasible
56,Tech Mahindra,34.57,155045.9,2.84,1201.7,-4.45,13994.9,5.12,18.56,14.34,5.88,-10.77,16.42,13.63,-6.87,-10.99,IT - Software,55979.6,4806.8,8.59,False,32,71.88,28.0,59.36,303,Moderate Risk,🟡 Moderate Synergy,Not Feasible
128,Anzen IYEP Trust,27.81,2306.26,4.92,-8.05,-139.58,100.67,59.26,1.88,85.36,15.105,22.395,5.12,11.58,19.62,16.15,Power,402.68,-32.2,-8.0,True,18,55.31,28.0,59.16,304,Low Risk,🟡 Moderate Synergy,Not Feasible
15,Protean eGov,32.02,2915.47,1.39,23.86,-14.91,250.5,14.02,11.72,8.96,6.76,-7.06,14.585,11.01,-2.89,-7.27,IT - Services,1002.0,95.44,9.52,False,20,57.52,28.0,59.13,305,Low Risk,🟡 Moderate Synergy,Not Feasible
170,Vindhya Telelink,5.99,1597.35,1.19,59.12,142.69,959.83,0.75,7.64,6.91,45.22,1.61,-7.73,6.07,5.38,1.61,Telecom - Services ,3839.32,236.48,6.16,False,23,54.94,36.0,59.03,306,Moderate Risk,🟠 Low Synergy,Stretch Target
185,Accord Synergy,11.71,10.07,0.0,1.15,217.35,19.14,47.91,-9.91,0.89,3.08,20.73,-3.23,-2.48,20.54,20.73,Telecom - Services ,76.56,4.6,6.01,False,30,26.82,86.0,58.89,307,Moderate Risk,🔴 Misaligned,Highly Feasible
108,NTPC Green Ene.,125.92,76419.51,0.0,86.38,130.26,612.29,21.52,4.89,87.48,15.105,22.395,14.585,11.58,19.62,16.15,Power,2449.16,345.52,14.11,True,16,58.71,18.0,58.65,308,Low Risk,🟡 Moderate Synergy,Not Feasible
375,Tata Inv.Corpn.,96.09,33802.98,0.4,148.16,19.78,153.98,8.07,1.21,87.61,6.25,13.36,45.26,1.27,14.46,13.36,Finance ,615.92,592.64,96.22,False,3,47.3,13.0,58.61,309,Low Risk,🟠 Low Synergy,Not Feasible
280,COSYN,103.09,17.52,0.0,0.02,100.0,6.34,92.71,-3.3,-4.16,2.36,22.395,5.49,-1.69,19.62,16.15,IT - Software,25.36,0.08,0.32,False,27,30.43,72.0,57.85,310,Moderate Risk,🔴 Misaligned,Highly Feasible
174,STL Networks,27.81,1041.66,0.0,-19.29,-481.98,230.79,-35.27,10.685,6.26,15.105,22.395,14.585,11.58,19.62,16.15,Telecom - Services ,923.16,-77.16,-8.36,True,25,59.49,28.0,57.82,311,Moderate Risk,🟡 Moderate Synergy,Not Feasible
183,Uniinfo Telecom,104.46,16.71,0.0,0.14,166.67,11.85,34.35,-0.97,4.14,-5.6,13.89,-11.17,0.01,35.72,13.89,Telecom - Services ,47.4,0.56,1.18,False,21,27.03,66.0,57.56,312,Moderate Risk,🔴 Misaligned,Feasible with Structuring
220,SGL Resources,88.1,76.65,0.0,0.45,-8.16,39.19,81.86,1.64,-15.38,13.82,-10.76,-20.76,1.18,27.71,12.41,IT - Services,156.76,1.8,1.15,False,31,41.88,61.0,57.51,313,Moderate Risk,🟠 Low Synergy,Feasible with Structuring
199,Clenon Enterpri,27.81,62.49,0.0,-0.59,-146.46,0.49,12.32,-15.12,-168.35,15.105,22.395,14.585,11.58,19.62,16.15,Telecom - Equipments and Accessories ,1.96,-2.36,-120.41,True,31,29.18,78.0,57.31,314,Moderate Risk,🔴 Misaligned,Highly Feasible
302,ABM Knowledge,45.19,586.17,0.43,1.4,-46.84,22.08,-1.52,9.55,17.42,0.37,-0.8,40.33,6.46,7.33,-0.8,IT - Software,88.32,5.6,6.34,False,17,56.17,17.0,57.11,315,Low Risk,🟡 Moderate Synergy,Not Feasible
107,NHPC Ltd,26.12,82841.55,2.32,1219.28,13.49,3365.26,10.27,7.42,52.98,4.32,-5.97,28.17,9.2,12.71,-5.97,Power,13461.04,4877.12,36.23,False,13,42.71,28.0,56.75,316,Low Risk,🟠 Low Synergy,Not Feasible
380,Manappuram Fin.,53.9,24207.06,1.22,217.31,-61.47,2283.46,-13.28,11.03,46.04,18.19,-2.9,33.26,15.51,11.09,-2.9,Finance ,9133.84,869.24,9.52,False,22,63.67,13.0,56.73,317,Moderate Risk,🟡 Moderate Synergy,Not Feasible
85,Ramco Systems,215.02,1864.2,0.0,12.59,229.26,175.78,23.35,-5.4,19.11,3.65,15.35,26.89,-37.34,111.89,17.34,IT - Software,703.12,50.36,7.16,False,20,57.32,18.0,56.56,318,Low Risk,🟡 Moderate Synergy,Not Feasible
178,GTL,27.81,121.12,0.0,-39.47,-411.88,55.4,-20.73,10.685,0.84,9.47,14.41,-0.43,11.58,83.05,14.41,Telecom - Services ,221.6,-157.88,-71.25,False,30,42.4,54.0,56.34,319,Moderate Risk,🟠 Low Synergy,Feasible with Structuring
116,ACME Solar Hold.,27.17,13748.62,0.09,115.06,631.63,467.75,80.19,8.42,88.23,-1.89,48.26,14.585,4.66,2.28,30.4,Power,1871.0,460.24,24.6,False,20,49.52,28.0,56.33,320,Low Risk,🟠 Low Synergy,Not Feasible
355,Bharatiya Glob.,27.81,5.59,0.0,0.67,283.78,0.0,12.32,-1.77,-416.0,-57.79,22.395,4.42,-3.28,19.62,16.15,IT - Services,0.0,2.68,inf,True,35,28.07,82.0,56.32,321,Moderate Risk,🔴 Misaligned,Highly Feasible
334,GVP Infotech,27.81,140.23,1.74,-90.29,-451550.0,1.82,366.67,-1.44,-1175.55,54.93,22.395,-28.59,0.95,19.62,16.15,IT - Software,7.28,-361.16,-4960.99,True,35,48.08,53.0,56.08,322,Moderate Risk,🟠 Low Synergy,Feasible with Structuring
147,PB Fintech.,169.52,78254.45,0.0,134.89,166.15,1613.55,38.24,5.9,4.73,51.73,33.5,53.66,-0.61,38.33,33.35,Fintech,6454.2,539.56,8.36,False,21,61.91,11.0,56.02,323,Moderate Risk,🟡 Moderate Synergy,Not Feasible
343,Athena Global,27.81,113.34,0.0,-6.37,-35.82,2.57,-41.19,-2.5,-72.38,-8.08,22.395,8.44,11.58,19.62,16.15,IT - Software,10.28,-25.48,-247.86,True,22,28.07,60.0,56.02,324,Moderate Risk,🔴 Misaligned,Feasible with Structuring
227,Bodhtree Consul.,56.08,60.56,0.0,0.42,158.33,3.58,175.38,-8.1,0.79,-61.23,22.395,41.29,-30.79,19.62,16.15,IT - Services,14.32,1.68,11.73,False,26,29.62,64.0,55.97,325,Moderate Risk,🔴 Misaligned,Feasible with Structuring
138,Waa Solar,7.8,71.04,0.0,1.82,737.93,8.81,-38.73,3.22,53.02,-14.83,-1.35,7.76,4.33,-29.06,-1.35,Power,35.24,7.28,20.66,False,50,33.64,96.0,55.77,326,Elevated Risk,🔴 Misaligned,Highly Feasible
382,JSW Holdings,176.6,20794.9,0.0,59.61,-49.6,83.57,-48.47,0.85,91.61,10.05,9.08,63.26,0.87,9.07,9.08,Finance ,334.28,238.44,71.33,False,9,48.55,8.0,55.39,327,Low Risk,🟠 Low Synergy,Not Feasible
155,Suvidhaa Info.,27.81,73.02,0.0,-1.76,54.76,1.0,-70.76,-32.08,-219.2,-34.64,22.395,-11.59,-19.22,19.62,16.15,Fintech,4.0,-7.04,-176.0,True,27,24.07,71.0,55.37,328,Moderate Risk,🔴 Misaligned,Highly Feasible
350,Sofcom Systems,172.51,101.78,0.0,-0.02,-111.76,0.0,-100.0,10.685,8.7,15.105,-23.17,-23.21,11.58,123.24,-57.3,IT - Software,0.0,-0.08,-inf,False,47,64.18,46.0,55.16,329,Elevated Risk,🟡 Moderate Synergy,Stretch Target
300,Jointeca Educati,27.81,5.11,0.0,-0.85,-1.19,0.09,0.0,-19.08,-123.81,73.8,-21.7,-27.62,-15.75,0.0,-21.7,IT - Software,0.36,-3.4,-944.44,False,44,40.0,75.0,55.15,330,Elevated Risk,🟠 Low Synergy,Highly Feasible
370,Piramal Finance.,68.13,42287.87,0.0,326.99,150.22,2871.55,21.42,7.73,58.14,18.83,-9.08,14.585,11.58,12.96,-13.68,Finance ,11486.2,1307.96,11.39,False,27,60.57,18.0,54.9,331,Moderate Risk,🟡 Moderate Synergy,Not Feasible
352,3C IT Solutions,42.37,10.59,0.0,0.14,182.35,21.19,-9.79,5.99,2.66,-18.25,22.395,14.585,7.51,-25.69,16.15,IT - Services,84.76,0.56,0.66,False,46,40.05,77.0,54.87,332,Elevated Risk,🟠 Low Synergy,Highly Feasible
244,Globesecure Tech,27.81,24.07,0.0,-0.89,-470.83,7.88,-25.1,-4.85,-18.72,-13.77,22.395,-44.98,-0.29,19.62,16.15,IT - Services,31.52,-3.56,-11.29,True,35,28.07,75.0,54.57,333,Moderate Risk,🔴 Misaligned,Highly Feasible
299,Sparc Electrex,27.81,5.16,0.0,-0.05,-350.0,0.13,-90.3,-7.92,-158.43,-34.71,22.395,-35.77,-3.53,19.62,16.15,IT - Software,0.52,-0.2,-38.46,True,35,28.07,75.0,54.57,334,Moderate Risk,🔴 Misaligned,Highly Feasible
142,Gita Renewable,27.81,34.4,0.0,-0.09,30.77,0.0,-100.0,-2.93,-3800.0,-37.0,22.395,-7.88,4.36,19.62,16.15,Power,0.0,-0.36,-inf,True,22,13.07,75.0,54.52,335,Moderate Risk,🔴 Misaligned,Highly Feasible
316,3i Infotech,4.53,318.38,0.0,18.2,284.3,174.89,-1.53,4.94,3.18,2.34,37.94,-26.6,-3.98,85.62,37.83,IT - Software,699.56,72.8,10.41,False,25,44.14,34.0,53.95,336,Moderate Risk,🟠 Low Synergy,Stretch Target
231,Adroit Info.,27.81,54.4,0.0,0.77,71.11,11.44,61.81,-1.79,-1.27,70.75,22.395,-15.39,4.94,-32.32,16.15,IT - Services,45.76,3.08,6.73,False,52,48.08,71.0,53.78,337,Elevated Risk,🟠 Low Synergy,Highly Feasible
228,Vertexplus Tech.,111.62,60.27,0.0,-2.02,-20.12,10.11,39.26,5.85,8.02,-4.25,-24.56,14.585,5.62,-14.79,-32.08,IT - Services,40.44,-8.08,-19.98,False,47,42.28,71.0,53.75,338,Elevated Risk,🟠 Low Synergy,Highly Feasible
204,Enfuse Solutions,27.81,194.65,0.0,-8.52,-467.24,31.28,46.92,14.76,1.78,19.41,17.84,14.585,20.27,50.69,-87.73,IT - Services,125.12,-34.08,-27.24,False,35,59.58,26.0,53.35,339,Moderate Risk,🟡 Moderate Synergy,Not Feasible
171,GTL Infra.,27.81,1498.67,0.0,-193.47,9.61,356.49,5.98,10.685,24.12,-2.78,-3.44,-0.84,11.58,-12.05,-2.87,Telecom - Services ,1425.96,-773.88,-54.27,False,23,49.09,21.0,53.23,340,Moderate Risk,🟠 Low Synergy,Not Feasible
113,IndiGrid Trust,62.82,17847.86,6.5,38.63,-54.9,826.72,-1.08,7.51,85.0,13.95,-0.39,5.75,6.43,13.0,-6.05,Power,3306.88,154.52,4.67,False,26,52.45,18.0,52.46,341,Moderate Risk,🟠 Low Synergy,Not Feasible
115,Reliance Power,46.75,14003.84,0.0,87.32,138.49,1974.03,12.17,6.15,29.45,0.35,22.61,33.31,-9.68,-1.2,23.14,Power,7896.12,349.28,4.42,False,21,47.31,17.0,52.41,342,Moderate Risk,🟠 Low Synergy,Not Feasible
32,Vakrangee,85.66,829.68,0.0,3.03,300.81,69.08,5.87,5.86,10.19,9.58,22.395,-32.28,2.6,8.97,-53.01,IT - Services,276.32,12.12,4.39,False,25,56.11,11.0,52.39,343,Moderate Risk,🟡 Moderate Synergy,Not Feasible
378,IIFL Finance,32.18,27614.31,0.0,417.94,25.08,3305.11,29.31,8.81,56.06,13.54,-21.94,12.62,13.12,6.76,-22.11,Finance ,13220.44,1671.76,12.65,False,36,56.51,28.0,52.38,344,Moderate Risk,🟡 Moderate Synergy,Not Feasible
287,Svam Software,27.81,10.37,0.0,0.04,-50.0,0.05,-37.5,0.1,-111.76,-25.84,22.395,15.35,-0.07,-12.64,-12.64,IT - Software,0.2,0.16,80.0,False,38,20.11,82.0,52.34,345,Moderate Risk,🔴 Misaligned,Highly Feasible
156,AGS Transact,27.81,51.25,0.0,-194.26,-1163.07,209.6,-43.92,1.26,4.55,-5.79,22.395,-61.07,-8.15,-20.95,16.15,Fintech,838.4,-777.04,-92.68,False,45,34.39,72.0,52.04,346,Elevated Risk,🔴 Misaligned,Highly Feasible
310,Softtech Enginee,307.54,415.18,0.0,0.33,-60.87,26.81,16.82,4.39,23.43,18.35,-35.01,23.94,2.44,12.71,-41.33,IT - Software,107.24,1.32,1.23,False,41,68.32,18.0,52.01,347,Elevated Risk,🟡 Moderate Synergy,Not Feasible
121,Inox Green,116.23,6985.34,0.0,28.07,335.26,85.87,55.62,2.6,11.48,11.01,29.66,60.9,-0.85,0.55,28.36,Power,343.48,112.28,32.69,False,20,51.37,8.0,51.98,348,Low Risk,🟠 Low Synergy,Not Feasible
111,SJVN,55.23,30768.78,1.87,307.8,-30.2,1032.4,0.6,4.91,72.7,8.32,-6.66,32.16,7.29,7.91,-6.66,Power,4129.6,1231.2,29.81,False,17,43.87,13.0,51.8,349,Low Risk,🟠 Low Synergy,Not Feasible
184,Vivo Collaborat.,27.81,15.72,0.0,-2.03,-394.2,0.0,-100.0,-10.56,-578.16,-41.26,22.395,-16.42,-4.44,19.62,16.15,Telecom - Services ,0.0,-8.12,-inf,True,35,20.07,75.0,51.77,350,Moderate Risk,🔴 Misaligned,Highly Feasible
218,SecureKloud Tech,27.81,81.27,0.0,-15.33,-1875.0,33.8,-22.21,-17.55,-30.39,-23.83,9.35,-25.14,-354.8,21.35,10.05,IT - Services,135.2,-61.32,-45.36,False,37,25.03,71.0,51.71,351,Moderate Risk,🔴 Misaligned,Highly Feasible
124,PTC India,7.16,4719.54,7.34,222.05,26.42,5458.73,6.45,11.51,6.51,-1.23,10.0,20.21,10.36,-10.06,10.0,Power,21834.92,888.2,4.07,False,30,35.74,43.0,51.26,352,Moderate Risk,🟠 Low Synergy,Stretch Target
318,GTT Data,27.81,277.72,0.0,-1.09,-17.98,36.77,938.7,-15.35,-2.76,15.105,22.395,222.39,11.58,19.62,16.15,IT - Software,147.08,-4.36,-2.96,True,18,43.18,13.0,51.16,353,Low Risk,🟠 Low Synergy,Not Feasible
327,Empower India,49.37,195.52,0.0,2.83,32.24,34.7,-24.1,1.78,-3.47,169.07,291.49,123.74,1.38,299.54,291.49,IT - Software,138.8,11.32,8.16,False,22,52.01,7.0,51.15,354,Moderate Risk,🟠 Low Synergy,Not Feasible
141,Advance Meter.,27.81,36.36,0.0,-3.08,-1383.33,4.06,-1.93,-8.13,-81.38,-3.03,22.395,6.58,-6.41,19.62,16.15,Power,16.24,-12.32,-75.86,True,35,13.07,82.0,51.07,355,Moderate Risk,🔴 Misaligned,Highly Feasible
282,Groarc Industrie,27.81,15.17,0.0,0.87,495.45,22.54,2247.92,2.91,-6.56,-18.11,9.1,-8.9,1.26,7.28,-14.04,IT - Software,90.16,3.48,3.86,False,40,23.29,75.0,50.9,356,Moderate Risk,🔴 Misaligned,Highly Feasible
213,Odigma Consultan,199.01,91.55,0.0,0.12,71.43,12.57,49.46,0.97,2.76,21.57,-40.8,14.585,0.83,11.44,-88.59,IT - Services,50.28,0.48,0.95,False,57,46.49,69.0,50.72,357,Elevated Risk,🟠 Low Synergy,Feasible with Structuring
197,Aksh Optifibre,27.81,99.73,0.0,-3.05,65.06,31.19,19.41,-13.45,-0.02,-25.65,22.395,-16.73,-58.32,19.62,16.15,Telecom - Equipments and Accessories ,124.76,-12.2,-9.78,True,27,14.07,65.0,50.37,358,Moderate Risk,🔴 Misaligned,Feasible with Structuring
392,Sammaan Capital,9.43,11973.43,0.0,308.47,111.17,2250.6,-7.1,3.65,74.43,-1.17,22.395,5.63,0.96,-31.75,16.15,Finance ,9002.4,1233.88,13.71,False,41,45.2,43.0,50.17,359,Elevated Risk,🟠 Low Synergy,Stretch Target
230,Ram Info,20.95,55.11,0.0,1.79,1185.71,11.83,194.28,4.3,11.37,-42.1,-39.93,-13.41,10.54,-18.06,-42.21,IT - Services,47.32,7.16,15.13,False,69,47.07,84.0,49.87,360,High Risk,🟠 Low Synergy,Highly Feasible
188,Tejas Networks,27.81,7404.52,0.6,-196.55,-218.64,306.79,-88.39,15.47,-16.51,153.06,108.95,-11.43,5.25,233.44,87.84,Telecom - Equipments and Accessories ,1227.16,-786.2,-64.07,False,35,53.5,18.0,49.22,361,Moderate Risk,🟠 Low Synergy,Not Feasible
259,SagarSoft (India,288.9,66.45,1.92,-0.94,-73.6,43.17,23.34,11.28,-0.38,6.52,-8.34,-9.64,11.31,-5.56,-8.34,IT - Software,172.68,-3.76,-2.18,False,50,39.28,61.0,49.0,362,Elevated Risk,🟠 Low Synergy,Feasible with Structuring
386,Mah. Scooters,50.05,15502.83,1.18,267.07,76.68,271.02,66.1,0.59,98.11,-1.78,7.06,44.98,0.78,-0.11,7.06,Finance ,1084.08,1068.28,98.54,False,19,37.2,13.0,48.67,363,Low Risk,🟠 Low Synergy,Not Feasible
237,GSS Infotech,27.81,41.77,0.0,0.26,150.0,19.14,-43.12,0.02,-1.5,2.34,22.395,-60.51,1.53,-20.43,16.15,IT - Services,76.56,1.04,1.36,False,51,30.44,71.0,48.0,364,Elevated Risk,🔴 Misaligned,Highly Feasible
123,RattanIndia Pow.,56.58,4843.94,0.0,-31.55,-2237.04,653.72,-4.21,8.69,14.32,0.25,28.94,32.86,11.58,-8.09,28.94,Power,2614.88,-126.2,-4.83,False,33,50.08,13.0,47.58,365,Moderate Risk,🟠 Low Synergy,Not Feasible
130,Ujaas Energy,251.23,1713.36,0.0,0.1,-87.5,4.86,3.4,9.98,5.63,-15.51,33.69,329.6,13.41,174.09,42.83,Power,19.44,0.4,2.06,False,17,37.29,5.0,47.5,366,Low Risk,🟠 Low Synergy,Not Feasible
45,FCS Software,665.3,306.04,0.0,-1.24,-212.73,8.21,-11.72,2.33,4.4,1.82,178.63,-12.64,1.06,20.28,178.63,IT - Services,32.84,-4.96,-15.1,False,25,43.05,9.0,47.32,367,Moderate Risk,🟠 Low Synergy,Not Feasible
298,Mahaveer Infoway,258.27,5.17,0.0,0.03,-81.25,0.67,-34.31,5.35,2.16,-3.52,-27.51,3.75,0.95,-2.99,-27.51,IT - Software,2.68,0.12,4.48,False,56,30.27,73.0,46.44,368,Elevated Risk,🔴 Misaligned,Highly Feasible
140,Karma Energy Ltd,5165.74,51.66,0.0,1.05,-38.95,4.62,4.52,1.38,-2.62,-31.89,33.08,19.01,4.78,-26.77,33.08,Power,18.48,4.2,22.73,False,42,16.56,68.0,46.0,369,Elevated Risk,🔴 Misaligned,Feasible with Structuring
267,California Soft.,48.46,44.58,0.0,0.23,187.5,1.54,43.93,4.41,28.01,-20.53,-45.91,9.23,3.69,-40.31,-45.91,IT - Software,6.16,0.92,14.94,False,76,49.99,75.0,45.85,370,High Risk,🟠 Low Synergy,Highly Feasible
189,Sterlite Tech.,1143.54,4574.15,0.0,4.0,123.53,1034.0,-3.72,2.86,12.01,-9.76,22.395,-8.25,-0.89,-14.8,16.15,Telecom - Equipments and Accessories ,4136.0,16.0,0.39,False,29,40.77,11.0,45.42,371,Moderate Risk,🟠 Low Synergy,Not Feasible
301,Tranway21 Tech.,27.81,4.79,0.0,-0.66,-214.29,2.15,-16.99,0.92,-7.08,-16.36,22.395,-23.91,-0.33,-47.3,16.15,IT - Software,8.6,-2.64,-30.7,False,60,29.12,75.0,44.94,372,Elevated Risk,🔴 Misaligned,Highly Feasible
311,XT Global Infot.,41.44,411.9,0.16,3.44,1.11,94.41,93.7,7.55,7.95,2.61,-22.73,3.46,6.91,-5.4,-22.84,IT - Software,377.64,13.76,3.64,False,44,46.68,22.0,44.24,373,Elevated Risk,🟠 Low Synergy,Not Feasible
312,Avance Tech.,288.43,354.76,0.0,-0.77,-128.21,41.4,-6.36,1.81,-0.84,15.105,22.395,255.03,11.58,19.62,16.15,IT - Software,165.6,-3.08,-1.86,True,31,45.23,3.0,44.18,374,Moderate Risk,🟠 Low Synergy,Not Feasible
176,Reliance Communi,27.81,293.2,0.0,-2701.0,-174.19,87.0,-1.14,10.685,-24.71,-13.65,22.395,-20.13,11.58,38.33,16.15,Telecom - Services ,348.0,-10804.0,-3104.6,True,31,32.16,18.0,43.36,375,Moderate Risk,🔴 Misaligned,Not Feasible
151,One Mobikwik,27.81,1818.67,0.0,-26.98,-420.62,268.3,-7.34,-13.13,-14.94,33.74,-0.21,14.585,-25.73,8.94,7.99,Fintech,1073.2,-107.92,-10.06,False,43,39.99,25.0,43.05,376,Elevated Risk,🟠 Low Synergy,Not Feasible
329,Xelpmoc Design,27.81,186.94,0.0,-1.93,-58.2,0.76,-53.37,-12.95,-230.84,-21.46,11.06,-2.46,-18.99,14.71,11.34,IT - Software,3.04,-7.72,-253.95,False,27,25.67,18.0,42.68,377,Moderate Risk,🔴 Misaligned,Not Feasible
164,HFCL,356.17,9915.78,0.15,71.92,-8.16,1043.34,-4.6,7.55,8.94,-4.91,-17.65,-3.56,7.7,-9.89,-18.92,Telecom - Services ,4173.36,287.68,6.89,False,34,38.0,11.0,42.45,378,Moderate Risk,🟠 Low Synergy,Not Feasible
320,Aion-Tech Soluti,27.81,253.96,0.0,-0.48,95.73,33.48,65.82,-2.28,0.06,13.43,22.395,2.91,-2.28,-44.32,16.15,IT - Software,133.92,-1.92,-1.43,False,47,41.62,26.0,42.27,379,Elevated Risk,🟠 Low Synergy,Not Feasible
135,Waaree Tech.,27.81,233.35,0.0,-1.72,34.35,4.11,-26.61,-39.85,-47.77,-7.95,22.395,10.91,-70.53,19.62,16.15,Power,16.44,-6.88,-41.85,True,22,13.07,25.0,42.02,380,Moderate Risk,🔴 Misaligned,Not Feasible
146,One 97,759.83,82457.54,0.0,21.0,149.74,2061.0,24.23,-10.14,-1.29,11.53,11.61,30.82,-10.82,17.63,11.34,Fintech,8244.0,84.0,1.02,False,31,33.2,10.0,41.72,381,Moderate Risk,🔴 Misaligned,Not Feasible
304,Trejhara Solutio,92.48,509.57,0.0,3.57,176.74,33.93,31.61,2.99,9.24,25.63,-27.14,45.97,-7.66,-12.24,-31.97,IT - Software,135.72,14.28,10.52,False,60,61.43,13.0,40.75,382,Elevated Risk,🟡 Moderate Synergy,Not Feasible
187,ITI,27.81,28707.84,0.0,-54.24,24.09,543.4,-46.53,-1.33,-1.51,24.8,22.395,42.51,-19.43,-58.85,16.15,Telecom - Equipments and Accessories ,2173.6,-216.96,-9.98,False,43,34.08,20.0,39.73,383,Elevated Risk,🔴 Misaligned,Not Feasible
323,Virinchi,27.81,233.22,0.0,-13.67,-6013.04,61.77,-16.83,5.44,27.36,-5.95,-63.08,-13.16,2.12,-2.16,-66.12,IT - Software,247.08,-54.68,-22.13,False,60,51.15,21.0,39.15,384,Elevated Risk,🟠 Low Synergy,Not Feasible
143,Veer Energy,27.81,20.37,0.0,0.15,-65.12,2.55,-42.7,0.39,-34.95,25.51,-39.18,2.23,1.24,-18.58,-39.13,Power,10.2,0.6,5.88,False,76,25.44,82.0,39.0,385,High Risk,🔴 Misaligned,Highly Feasible
79,63 Moons Tech.,27.81,3015.46,0.18,-44.7,-19.15,20.54,109.81,-2.31,-346.61,-33.65,-8.23,57.93,1.32,-1.37,-8.23,IT - Software,82.16,-178.8,-217.62,False,33,20.0,20.0,38.8,386,Moderate Risk,🔴 Misaligned,Not Feasible
17,Sasken Technol.,56.19,2207.16,1.72,10.5,-19.09,255.49,89.21,7.41,5.21,8.28,-28.25,17.78,9.82,-22.88,-28.37,IT - Services,1021.96,42.0,4.11,False,57,46.84,18.0,38.09,387,Elevated Risk,🟠 Low Synergy,Not Feasible
196,Umiya Buildcon,14.86,152.8,0.0,6.71,242.35,20.57,59.83,9.59,41.55,-26.54,-57.69,11.26,2.66,-37.29,-57.69,Telecom - Equipments and Accessories ,82.28,26.84,32.62,False,80,41.85,57.0,36.9,388,High Risk,🟠 Low Synergy,Feasible with Structuring
242,Octaware Tech.,27.81,29.62,0.0,-0.05,-111.9,7.07,-10.39,2.25,-0.2,-2.24,-22.0,18.08,-6.15,-21.82,-22.0,IT - Services,28.28,-0.2,-0.71,False,80,22.55,82.0,36.39,389,High Risk,🔴 Misaligned,Highly Feasible
38,DigiSpice Tech.,37.48,536.25,0.0,7.16,337.04,124.58,14.44,5.47,2.59,-23.21,1.68,-5.08,-2.47,-15.53,1.29,IT - Services,498.32,28.64,5.75,False,52,31.89,13.0,33.61,390,Elevated Risk,🔴 Misaligned,Not Feasible
132,India Power Corp,123.61,940.69,0.52,3.78,20.0,197.94,29.44,3.17,-10.74,2.12,-9.68,-9.19,1.27,-1.58,-9.68,Power,791.76,15.12,1.91,False,33,10.71,8.0,32.55,391,Moderate Risk,🔴 Misaligned,Not Feasible
169,M T N L,27.81,2164.06,0.0,-960.2,-7.85,189.76,-28.83,-6.76,-65.41,-15.31,-10.47,11.48,11.58,-13.87,-10.47,Telecom - Services ,759.04,-3840.8,-506.01,False,47,12.0,25.0,31.65,392,Elevated Risk,🔴 Misaligned,Not Feasible
42,Bartronics India,288.06,348.55,0.0,1.0,300.0,12.4,40.11,1.42,-1.52,-15.1,26.1,39.59,11.58,-57.64,26.0,IT - Services,49.6,4.0,8.06,False,60,31.61,10.0,29.56,393,Elevated Risk,🔴 Misaligned,Not Feasible
193,Birla Cable,79.11,397.95,0.0,0.69,-65.5,176.07,-3.11,5.14,4.82,7.31,-38.73,-3.56,7.86,-8.04,-38.73,Telecom - Equipments and Accessories ,704.28,2.76,0.39,False,59,28.54,9.0,28.64,394,Elevated Risk,🔴 Misaligned,Not Feasible
77,Technvision Ven.,3621.46,4599.25,0.0,0.71,127.52,71.23,29.3,9.81,2.38,23.86,-79.38,204.21,11.58,-29.33,-79.38,IT - Software,284.92,2.84,1.0,False,81,55.75,3.0,27.86,395,High Risk,🟡 Moderate Synergy,Not Feasible
139,Ampvolts,57.6,55.87,0.0,0.21,172.41,1.45,168.52,-0.95,-8.95,180.2,-42.35,-6.92,-4.04,-74.57,-42.14,Power,5.8,0.84,14.48,False,91,25.0,61.0,27.6,396,High Risk,🔴 Misaligned,Feasible with Structuring
133,Surana Telecom,11.48,269.48,0.0,0.17,-66.07,9.37,211.3,0.69,5.08,-18.39,-57.41,20.42,1.09,-23.5,-57.41,Power,37.48,0.68,1.81,False,72,15.7,38.0,26.2,397,High Risk,🔴 Misaligned,Stretch Target
328,Trigyn Techno.,38.63,194.69,0.0,5.27,424.75,241.95,16.43,4.17,0.52,-4.79,-31.82,-11.78,3.26,-19.64,-31.82,IT - Software,967.8,21.08,2.18,False,79,25.73,13.0,20.66,398,High Risk,🔴 Misaligned,Not Feasible
203,VL E-Governance,1786.04,196.46,0.0,-0.52,-164.2,3.25,-59.32,0.11,-5.43,-43.98,-76.1,14.585,-0.01,-78.09,16.15,IT - Services,13.0,-2.08,-16.0,False,86,28.2,15.0,19.22,399,High Risk,🔴 Misaligned,Not Feasible
90,Quick Heal Tech,27.81,1323.98,0.0,7.91,90.6,83.52,13.65,-0.24,-4.61,-6.49,-67.46,12.26,1.89,-53.94,-66.68,IT - Software,334.08,31.64,9.47,False,87,20.0,25.0,18.45,400,High Risk,🔴 Misaligned,Not Feasible
